<?xml version="1.0" encoding="UTF-8"?>
<versions>
  <component name="AndroidConfiguredLogFilters" version="1418132797303" />
  <component name="AndroidLayouts" version="1424339251903" />
  <component name="AndroidLogFilters" version="1418132797307" />
  <component name="ChangeListManager" version="1424340540028" />
  <component name="ChangesViewManager" version="1424339466268" />
  <component name="CompilerConfiguration" version="1424339466274" />
  <component name="CreatePatchCommitExecutor" version="1424339466275" />
  <component name="DaemonCodeAnalyzer" version="1424339466275" />
  <component name="Encoding" version="1424339466279" />
  <component name="EntryPointsManager" version="1424339251913" />
  <component name="ExecutionTargetManager" version="1424339466280" />
  <component name="FavoritesManager" version="1424339466280" />
  <component name="FileEditorManager" version="1424339814824" />
  <component name="FindManager" version="1424339466281" />
  <component name="Git.Settings" version="1424339466281" />
  <component name="GradleLocalSettings" version="1424339466287" />
  <component name="GradleSettings" version="1424339466288" />
  <component name="IdeDocumentHistory" version="1424339466288" />
  <component name="ProjectFrameBounds" version="1424339466479" />
  <component name="ProjectLevelVcsManager" version="1424339466479" />
  <component name="ProjectModuleManager" version="1424339466482" />
  <component name="ProjectReloadState" version="1424339466483" />
  <component name="ProjectRootManager" version="1424339814836" />
  <component name="ProjectView" version="1424339555005" />
  <component name="PropertiesComponent" version="1424339466484" />
  <component name="RunManager" version="1424339466492" />
  <component name="ShelveChangesManager" version="1424339466492" />
  <component name="SvnConfiguration" version="1424340540049" />
  <component name="TaskManager" version="1424339466498" />
  <component name="ToolWindowManager" version="1424351199991" />
  <component name="Vcs.Log.UiProperties" version="1424339466501" />
  <component name="VcsContentAnnotationSettings" version="1424339466501" />
  <component name="VcsDirectoryMappings" version="1424339466501" />
  <component name="VcsManagerConfiguration" version="1424339466504" />
  <component name="XDebuggerManager" version="1424339466511" />
  <component name="editorHistoryManager" version="1424339814860" />
</versions>

