<?xml version="1.0" encoding="UTF-8"?>
<versions>
  <component name="ChangeListManager" version="1427961936769" />
  <component name="ChangesViewManager" version="1427961936770" />
  <component name="CompilerConfiguration" version="1424357647229" />
  <component name="CreatePatchCommitExecutor" version="1427961936775" />
  <component name="DaemonCodeAnalyzer" version="1427961936775" />
  <component name="Encoding" version="1424357647230" />
  <component name="EntryPointsManager" version="1424357805505" />
  <component name="ExecutionTargetManager" version="1427961936778" />
  <component name="FavoritesManager" version="1427961936778" />
  <component name="FileEditorManager" version="1427961936778" />
  <component name="Git.Settings" version="1427961936778" />
  <component name="GradleLocalSettings" version="1427961936778" />
  <component name="GradleSettings" version="1424357647234" />
  <component name="ProjectCodeStyleSettingsManager" version="1424357805513" />
  <component name="ProjectFrameBounds" version="1427961936801" />
  <component name="ProjectLevelVcsManager" version="1427961936802" />
  <component name="ProjectModuleManager" version="1424357647239" />
  <component name="ProjectReloadState" version="1427961936803" />
  <component name="ProjectRootManager" version="1424357647239" />
  <component name="ProjectView" version="1427961936804" />
  <component name="PropertiesComponent" version="1427961973138" />
  <component name="RunManager" version="1427961936811" />
  <component name="ShelveChangesManager" version="1427961936811" />
  <component name="TaskManager" version="1427961936813" />
  <component name="ToolWindowManager" version="1427961936815" />
  <component name="Vcs.Log.UiProperties" version="1427961936816" />
  <component name="VcsContentAnnotationSettings" version="1427961936816" />
  <component name="VcsDirectoryMappings" version="1424357647260" />
  <component name="VcsManagerConfiguration" version="1427961936816" />
  <component name="XDebuggerManager" version="1427961936821" />
</versions>

