<?xml version="1.0" encoding="UTF-8"?>
<versions>
  <component name="ChangeListManager" version="1426167045302" />
  <component name="ChangesViewManager" version="1426167045303" />
  <component name="CompilerConfiguration" version="1426167045306" />
  <component name="CreatePatchCommitExecutor" version="1426167045307" />
  <component name="DaemonCodeAnalyzer" version="1426167045307" />
  <component name="Encoding" version="1426167045310" />
  <component name="ExecutionTargetManager" version="1426167045310" />
  <component name="FavoritesManager" version="1426167045310" />
  <component name="FileEditorManager" version="1426167045311" />
  <component name="GradleLocalSettings" version="1426167045316" />
  <component name="GradleSettings" version="1426167045317" />
  <component name="IdeDocumentHistory" version="1426167045317" />
  <component name="ProjectFrameBounds" version="1426167045489" />
  <component name="ProjectLevelVcsManager" version="1426167045489" />
  <component name="ProjectModuleManager" version="1426167045490" />
  <component name="ProjectReloadState" version="1426167045490" />
  <component name="ProjectRootManager" version="1426167045491" />
  <component name="ProjectView" version="1426167045491" />
  <component name="PropertiesComponent" version="1426167045491" />
  <component name="RunManager" version="1426167045495" />
  <component name="ShelveChangesManager" version="1426167045495" />
  <component name="SvnConfiguration" version="1426167045495" />
  <component name="TaskManager" version="1426167045497" />
  <component name="ToolWindowManager" version="1426167045499" />
  <component name="Vcs.Log.UiProperties" version="1426167045499" />
  <component name="VcsContentAnnotationSettings" version="1426167045499" />
  <component name="VcsDirectoryMappings" version="1426167045499" />
  <component name="VcsManagerConfiguration" version="1426167045500" />
  <component name="XDebuggerManager" version="1426167045504" />
  <component name="editorHistoryManager" version="1426167045504" />
</versions>

