<?xml version="1.0" encoding="UTF-8"?>
<versions>
  <component name="AndroidConfiguredLogFilters" version="1424351782102" />
  <component name="AndroidLayouts" version="1424351575341" />
  <component name="AndroidLogFilters" version="1424351782102" />
  <component name="ChangeListManager" version="1424354702902" />
  <component name="ChangesViewManager" version="1424351575350" />
  <component name="CompilerConfiguration" version="1424351575356" />
  <component name="CreatePatchCommitExecutor" version="1424351575358" />
  <component name="DaemonCodeAnalyzer" version="1424351575358" />
  <component name="Encoding" version="1424351575361" />
  <component name="EntryPointsManager" version="1424351782104" />
  <component name="ExecutionTargetManager" version="1424351575361" />
  <component name="FavoritesManager" version="1424351575362" />
  <component name="FileEditorManager" version="1424354782136" />
  <component name="FindManager" version="1424351782111" />
  <component name="Git.Settings" version="1424351575362" />
  <component name="GradleLocalSettings" version="1424353181025" />
  <component name="GradleSettings" version="1424351575366" />
  <component name="IdeDocumentHistory" version="1424354702914" />
  <component name="ProjectCodeStyleSettingsManager" version="1424351575378" />
  <component name="ProjectFrameBounds" version="1424353585426" />
  <component name="ProjectLevelVcsManager" version="1424351575379" />
  <component name="ProjectModuleManager" version="1424354702922" />
  <component name="ProjectReloadState" version="1424351575380" />
  <component name="ProjectRootManager" version="1424351575380" />
  <component name="ProjectView" version="1424354702923" />
  <component name="PropertiesComponent" version="1424353585427" />
  <component name="RunManager" version="1424354782143" />
  <component name="ShelveChangesManager" version="1424351575385" />
  <component name="SliceManager" version="1424351782351" />
  <component name="SvnConfiguration" version="1424352242134" />
  <component name="TaskManager" version="1424353725353" />
  <component name="ToolWindowManager" version="1424354702929" />
  <component name="Vcs.Log.UiProperties" version="1424351782352" />
  <component name="VcsContentAnnotationSettings" version="1424351575388" />
  <component name="VcsDirectoryMappings" version="1424351575388" />
  <component name="VcsManagerConfiguration" version="1424353707662" />
  <component name="XDebuggerManager" version="1424351575392" />
  <component name="editorHistoryManager" version="1424354782151" />
</versions>

