<?xml version="1.0" encoding="UTF-8"?>
<versions>
  <component name="AndroidConfiguredLogFilters" version="1428047498290" />
  <component name="AndroidLayouts" version="1428047498291" />
  <component name="AndroidLogFilters" version="1428048023443" />
  <component name="ChangeListManager" version="1428047498303" />
  <component name="ChangesViewManager" version="1428047498303" />
  <component name="CompilerConfiguration" version="1428047498308" />
  <component name="CreatePatchCommitExecutor" version="1428047498310" />
  <component name="DaemonCodeAnalyzer" version="1428047498310" />
  <component name="Encoding" version="1428047498316" />
  <component name="EntryPointsManager" version="1428047498316" />
  <component name="ExecutionTargetManager" version="1428047498316" />
  <component name="FavoritesManager" version="1428047498316" />
  <component name="FileEditorManager" version="1428048175255" />
  <component name="FindManager" version="1428047580550" />
  <component name="Git.Settings" version="1428047498324" />
  <component name="GradleLocalSettings" version="1428047498330" />
  <component name="GradleSettings" version="1428047498331" />
  <component name="IdeDocumentHistory" version="1428048023459" />
  <component name="ProjectCodeStyleSettingsManager" version="1428047498693" />
  <component name="ProjectFrameBounds" version="1428047498695" />
  <component name="ProjectLevelVcsManager" version="1428047498696" />
  <component name="ProjectModuleManager" version="1428047498697" />
  <component name="ProjectReloadState" version="1428047498699" />
  <component name="ProjectRootManager" version="1428047498700" />
  <component name="ProjectView" version="1428047498703" />
  <component name="PropertiesComponent" version="1428047498703" />
  <component name="RecentsManager" version="1427979208999" />
  <component name="RunManager" version="1428047498712" />
  <component name="ShelveChangesManager" version="1428047498712" />
  <component name="SliceManager" version="1428047498712" />
  <component name="SvnConfiguration" version="1428047498713" />
  <component name="TaskManager" version="1428047498720" />
  <component name="ToolWindowManager" version="1428048348492" />
  <component name="Vcs.Log.UiProperties" version="1428047498724" />
  <component name="VcsContentAnnotationSettings" version="1428047498725" />
  <component name="VcsDirectoryMappings" version="1428047498725" />
  <component name="VcsManagerConfiguration" version="1428047498725" />
  <component name="XDebuggerManager" version="1428047498731" />
  <component name="editorHistoryManager" version="1428048175266" />
</versions>

