<?xml version="1.0" encoding="UTF-8"?>
<versions>
  <component name="ChangeListManager" version="1424351312484" />
  <component name="ChangesViewManager" version="1424351312484" />
  <component name="CompilerConfiguration" version="1424351312484" />
  <component name="CreatePatchCommitExecutor" version="1424351312484" />
  <component name="DaemonCodeAnalyzer" version="1424351312484" />
  <component name="Encoding" version="1424351312484" />
  <component name="ExecutionTargetManager" version="1424351312484" />
  <component name="FavoritesManager" version="1424351312484" />
  <component name="GradleLocalSettings" version="1424351312485" />
  <component name="GradleSettings" version="1424351312485" />
  <component name="ProjectFrameBounds" version="1424351333784" />
  <component name="ProjectLevelVcsManager" version="1424351312542" />
  <component name="ProjectModuleManager" version="1424351312542" />
  <component name="ProjectReloadState" version="1424351312542" />
  <component name="ProjectRootManager" version="1424351312542" />
  <component name="ProjectView" version="1424351312542" />
  <component name="PropertiesComponent" version="1424351312542" />
  <component name="RunManager" version="1424351312543" />
  <component name="ShelveChangesManager" version="1424351312543" />
  <component name="TaskManager" version="1424351312543" />
  <component name="ToolWindowManager" version="1424351333786" />
  <component name="Vcs.Log.UiProperties" version="1424351312543" />
  <component name="VcsContentAnnotationSettings" version="1424351312543" />
  <component name="VcsDirectoryMappings" version="1424351312543" />
  <component name="VcsManagerConfiguration" version="1424351312544" />
  <component name="XDebuggerManager" version="1424351312544" />
</versions>

