<?xml version="1.0" encoding="UTF-8"?>
<versions>
  <component name="AbbreviationManager" version="1428047499010" />
  <component name="AndroidEditors" version="1428047499013" />
  <component name="AndroidFirstRunPersistentData" version="1428047499013" />
  <component name="BaseRefactoringSettings" version="1427965431685" />
  <component name="CodeInsightSettings" version="1428047499017" />
  <component name="CodeStyleSchemeSettings" version="1428047499018" />
  <component name="DaemonCodeAnalyzerSettings" version="1428047499018" />
  <component name="DimensionService" version="1428048023531" />
  <component name="EditorColorsManagerImpl" version="1428047499019" />
  <component name="EditorSettings" version="1428047499022" />
  <component name="Encoding" version="1428047499022" />
  <component name="ExportableFileTemplateSettings" version="1428047499024" />
  <component name="ExportableTemplateSettings" version="1428047580637" />
  <component name="FeatureUsageStatistics" version="1428048023534" />
  <component name="FileBasedIndex" version="1428047499025" />
  <component name="FileEditorProviderManager" version="1428047499026" />
  <component name="FileTypeManager" version="1428047499033" />
  <component name="FindSettings" version="1428047580640" />
  <component name="GeneralSettings" version="1428047499033" />
  <component name="Git.Application.Settings" version="1428047499033" />
  <component name="GitRememberedInputs" version="1424358098000" />
  <component name="GithubSettings" version="1424357603972" />
  <component name="HttpConfigurable" version="1428047499035" />
  <component name="Images.OptionsManager" version="1426253358150" />
  <component name="KeymapManager" version="1428047499036" />
  <component name="LafManager" version="1428047499036" />
  <component name="LanguageInjectionConfiguration" version="1428047499038" />
  <component name="MavenVersion" version="1424937941090" />
  <component name="NodeRendererSettings" version="1428047499039" />
  <component name="NotificationConfiguration" version="1428047499039" />
  <component name="PasswordDatabase" version="1424359766886" />
  <component name="PathMacrosImpl" version="1428047499039" />
  <component name="PluginManagerConfigurable" version="1427961937049" />
  <component name="ProjectJdkTable" version="1428047499041" />
  <component name="ProjectManager" version="1428047499042" />
  <component name="PropertiesComponent" version="1428047499042" />
  <component name="RecentProjectsManager" version="1428047499042" />
  <component name="RefactoringSettings" version="1427965431688" />
  <component name="Registry" version="1428047499042" />
  <component name="RunnerLayoutSettings" version="1428047499092" />
  <component name="StatisticsApplicationUsages" version="1428048348420" />
  <component name="StudioBuildStatistic" version="1427985345210" />
  <component name="SystemNotifications" version="1428047594124" />
  <component name="TemplateSettings" version="1428047580646" />
  <component name="ToStringTemplates" version="1427973955958" />
  <component name="TodoConfiguration" version="1428047499095" />
  <component name="UISettings" version="1428047499095" />
  <component name="UpdatesConfigurable" version="1428048348421" />
  <component name="UsageTrigger" version="1428048178561" />
  <component name="UsagesStatistic" version="1428047499097" />
  <component name="WebBrowsersConfiguration" version="1428047499103" />
  <component name="WindowManager" version="1428047499104" />
  <component name="XDebuggerSettings" version="1427964043184" />
  <component name="XmlEditorOptions" version="1428047499105" />
  <component name="com.intellij.ide.fileTemplates.impl.FileTemplateManagerImpl" version="1428047499105" />
  <component name="com.intellij.javaee.ExternalResourceManagerImpl" version="1428047499106" />
</versions>

