<application>
  <component name="DimensionService">
    <location key="WELCOME_SCREEN.0.0.2560.1440" x="1279" y="548" />
    <location key="com.intellij.ide.util.TipDialog.0.0.2560.1440" x="596" y="249" />
    <location key="ProcessPopupWindow.0.0.2560.1440" x="1106" y="387" />
    <location key="AndroidExtendedDeviceChooserDialog.0.0.2560.1440" x="1388" y="250" />
    <location key="findTextDialog.0.0.2560.1440" x="580" y="235" />
    <location key="#Gradle.0.0.2560.1440" x="1064" y="441" />
    <location key="OptionsEditor.0.0.2560.1440" x="0" y="23" />
    <location key="#Project_Structure.0.0.2560.1440" x="1380" y="288" />
    <location key="FileChooserDialogImpl.0.0.2560.1440" x="1053" y="329" />
    <location key="chooseDestDirectoryDialog.0.0.2560.1440" x="1075" y="475" />
    <location key="#com.intellij.execution.impl.EditConfigurationsDialog.0.0.2560.1440" x="372" y="286" />
    <location key="#com.intellij.refactoring.move.MoveHandler.SelectRefactoringDialog.0.0.2560.1440" x="721" y="603" />
    <location key="git4idea.push.GitPushDialog.0.0.2560.1440" x="943" y="429" />
    <location key="com.intellij.ide.passwordSafe.impl.providers.masterKey.ResetPasswordDialog.0.0.2560.1440" x="1100" y="616" />
    <location key="CommitChangelistDialog2.0.0.2560.1440" x="323" y="103" />
    <location key="IdeErrosDialog.0.0.2560.1440" x="858" y="508" />
    <location key="com.intellij.openapi.vcs.changes.UnversionedViewDialog.0.0.2560.1440" x="1072" y="460" />
    <location key="com.intellij.ide.passwordSafe.impl.providers.masterKey.MasterPasswordDialog.0.0.2560.1440" x="988" y="629" />
    <location key="GitCloneDialog.0.0.2560.1440" x="934" y="606" />
    <location key="com.intellij.openapi.vcs.update.UpdateOrStatusOptionsDialogupdate.0.0.2560.1440" x="1021" y="583" />
    <location key="#com.intellij.refactoring.move.moveClassesOrPackages.MoveClassesOrPackagesDialog.classes.0.0.0.0" x="1408" y="467" />
    <location key="com.android.tools.idea.structure.MavenDependencyLookupDialog.0.0.2560.1440" x="979" y="558" />
    <location key="#com.intellij.codeInsight.editorActions.RestoreReferencesDialog.0.0.2560.1440" x="1018" y="451" />
    <location key="AndroidCreateResourceFileDialog.0.0.2560.1440" x="1508" y="451" />
    <location key="AndroidCreateResourceDirectoryDialog.0.0.2560.1440" x="868" y="451" />
    <location key="#com.intellij.fileTypes.FileTypeChooser.0.0.2560.1440" x="970" y="495" />
    <location key="#com.intellij.ide.util.MemberChooser.0.0.2560.1440" x="1093" y="426" />
    <location key="replaceTextDialog.0.0.2560.1440" x="1071" y="416" />
    <location key="#Auto_Import.0.0.2560.1440" x="1058" y="457" />
    <location key="#com.intellij.refactoring.rename.AutomaticRenamingDialog.0.0.2560.1440" x="1041" y="23" />
    <location key="AndroidCreateXmlResourceDialog.0.0.2560.1440" x="868" y="351" />
    <location key="AndroidExtendedDeviceChooserDialog.0.0.1440.900" x="483" y="212" />
    <location key="replaceTextDialog.0.0.1440.900" x="532" y="115" />
    <location key="#com.intellij.codeInsight.editorActions.RestoreReferencesDialog.0.0.1440.900" x="458" y="181" />
    <location key="#com.intellij.ide.util.MemberChooser.0.0.1440.900" x="533" y="156" />
    <location key="edit.logcat.filter.dialog.dimensions.0.0.2560.1440" x="939" y="537" />
    <location key="AndroidExtendedDeviceChooserDialog.-1440.0.1440.900" x="-954" y="253" />
    <location key="edit.logcat.filter.dialog.dimensions.0.0.1440.900" x="379" y="267" />
    <location key="com.intellij.ide.util.TipDialog.0.0.1440.900" x="438" y="246" />
    <location key="#com.intellij.ide.actions.ChooseComponentsToExportDialog.0.0.2560.1440" x="1025" y="535" />
    <location key="com.intellij.ide.util.TipDialog.0.0.1920.1080" x="714" y="612" />
    <location key="#Intentions.0.0.2560.1440" x="868" y="351" />
    <location key="chooseDestDirectoryDialog.-1440.0.1440.900" x="-925" y="246" />
    <location key="OptionsEditor.-1440.0.1440.900" x="-1332" y="38" />
    <location key="AndroidCreateResourceDirectoryDialog.-1440.0.1440.900" x="-1132" y="222" />
    <location key="AndroidCreateXmlResourceDialog.0.0.1440.900" x="308" y="84" />
    <location key="#app.0.0.2560.1440" x="1043" y="285" />
    <location key="refactoring.ChangeSignatureDialog.0.0.2560.1440" x="1001" y="316" />
    <location key="NewModule_or_Project.wizard.0.0.2560.1440" x="1017" y="325" />
    <location key="com.android.tools.idea.structure.gradle.MavenDependencyLookupDialog.0.0.2560.1440" x="1401" y="478" />
    <location key="#com.intellij.structuralsearch.plugin.ui.SearchDialog.0.0.2560.1440" x="920" y="456" />
    <location key="SettingsEditor.0.0.2560.1440" x="355" y="189" />
    <location key="#com.intellij.ide.util.projectWizard.JdkChooserPanel.MyDialog.0.0.2560.1440" x="1068" y="577" />
    <location key="#com.intellij.refactoring.safeDelete.UnsafeUsagesDialog.0.0.2560.1440" x="1018" y="446" />
    <location key="#Browse_Repositories.0.0.2560.1440" x="1020" y="359" />
    <location key="#com.intellij.refactoring.safeDelete.UnsafeUsagesDialog.0.0.1440.900" x="458" y="176" />
    <location key="findTextDialog.0.0.1440.900" x="616" y="160" />
    <location key="WELCOME_SCREEN.0.0.1440.900" x="719" y="370" />
    <location key="ScreenshotRecorder.Options.Dimensions.0.0.1440.900" x="441" y="331" />
    <location key="#Images.0.0.1440.900" x="450" y="166" />
    <location key="FileChooserDialogImpl.0.0.1440.900" x="508" y="183" />
    <location key="refactoring.ChangeSignatureDialog.0.0.1440.900" x="441" y="46" />
    <location key="ProcessPopupWindow.0.0.1440.900" x="1075" y="668" />
    <location key="SettingsEditor.0.0.1440.900" x="403" y="23" />
    <location key="#Updates.0.0.2560.1440" x="1085" y="578" />
    <location key="#com.intellij.refactoring.move.moveMembers.MoveMembersDialog.0.0.2560.1440" x="986" y="435" />
    <location key="#Browse_Repositories.0.0.1440.900" x="309" y="84" />
    <location key="IdeErrosDialog.0.0.1440.900" x="327" y="23" />
    <location key="AndroidCreateResourceFileDialog.0.0.1440.900" x="324" y="262" />
    <location key="#com.intellij.refactoring.rename.AutomaticRenamingDialog.0.0.1440.900" x="138" y="23" />
    <location key="#com.intellij.refactoring.typeMigration.ui.FailedConversionsDialog.0.0.2560.1440" x="1018" y="446" />
    <location key="#Project_Structure.0.0.1440.900" x="204" y="80" />
    <location key="#Inspections.0.0.2560.1440" x="920" y="370" />
    <location key="AndroidCreateResourceDirectoryDialog.0.0.1440.900" x="308" y="184" />
    <location key="ReplaceDuplicatesPrompt.0.0.2560.1440" x="752" y="617" />
    <location key="#com.intellij.refactoring.move.moveInstanceMethod.MoveInstanceMethodDialog.0.0.2560.1440" x="1053" y="515" />
    <location key="#Edit_File_Template.0.0.2560.1440" x="1034" y="507" />
    <location key="#Updates.0.0.1440.900" x="472" y="269" />
    <location key="#com.intellij.fileTypes.FileTypeChooser.0.0.1440.900" x="423" y="228" />
    <location key="#com.intellij.refactoring.move.moveClassesOrPackages.MoveClassesOrPackagesDialog.classes.0.0.1440.900" x="475" y="313" />
    <location key="AndroidExtendedDeviceChooserDialog.0.0.1920.1080" x="673" y="298" />
    <location key="#com.intellij.codeInsight.editorActions.RestoreReferencesDialog.0.0.1920.1080" x="698" y="274" />
    <location key="findTextDialog.0.0.1920.1080" x="754" y="266" />
    <location key="SettingsEditor.0.0.1920.1080" x="45" y="131" />
    <location key="SettingsEditor.-1440.0.1440.900" x="-1239" y="123" />
    <location key="#com.intellij.refactoring.rename.AutomaticRenamingDialog.0.0.1920.1080" x="362" y="23" />
    <location key="WELCOME_SCREEN.0.0.1920.1080" x="719" y="370" />
    <location key="AndroidCreateXmlResourceDialog.0.0.1920.1080" x="818" y="297" />
    <location key="#com.intellij.execution.impl.EditConfigurationsDialog.0.0.1920.1080" x="424" y="174" />
    <location key="AndroidDeviceChooserDialog.0.0.1920.1080" x="673" y="364" />
    <location key="#com.intellij.refactoring.safeDelete.UnsafeUsagesDialog.0.0.1920.1080" x="698" y="266" />
    <location key="refactoring.ChangeSignatureDialog.0.0.1920.1080" x="681" y="136" />
    <location key="#Browse_Repositories.0.0.1920.1080" x="548" y="174" />
    <location key="AndroidDeviceChooserDialog.0.0.1440.900" x="433" y="274" />
    <location key="ReplaceDuplicatesPrompt.0.0.1440.900" x="192" y="347" />
    <location key="#com.intellij.execution.impl.EditConfigurationsDialog.0.0.1440.900" x="184" y="84" />
    <location key="#com.intellij.ide.util.MemberChooser.0.0.1920.1080" x="773" y="227" />
    <location key="#com.intellij.refactoring.move.moveClassesOrPackages.MoveClassesOrPackagesDialog.classes.0.0.1920.1080" x="723" y="403" />
    <location key="AndroidCreateResourceFileDialog.0.0.1920.1080" x="548" y="274" />
    <location key="replaceTextDialog.0.0.1920.1080" x="751" y="241" />
    <location key="deploy.picker.dialog.0.0.1920.1080" x="648" y="267" />
    <location key="chooseDestDirectoryDialog.0.0.1920.1080" x="755" y="290" />
    <location key="FileChooserDialogImpl.0.0.1920.1080" x="718" y="247" />
    <location key="ScreenshotViewer.Dimensions.0.0.1920.1080" x="560" y="23" />
    <location key="deploy.picker.dialog.0.0.1440.900" x="421" y="112" />
    <location key="git4idea.branch.GitSmartOperationDialog.0.0.1440.900" x="464" y="147" />
    <location key="#Gradle.0.0.1440.900" x="540" y="215" />
    <location key="#Plugins.0.0.1440.900" x="320" y="81" />
    <location key="#forzaFootball.0.0.1440.900" x="464" y="47" />
    <location key="AndroidCreateResourceDirectoryDialog.0.0.1920.1080" x="548" y="267" />
    <location key="#Inspections.0.0.1920.1080" x="598" y="188" />
    <location key="#com.intellij.fileTypes.FileTypeChooser.0.0.1920.1080" x="689" y="311" />
    <location key="findTextDialog.-1440.82.1440.900" x="-958" y="270" />
    <location key="deploy.picker.dialog.-1440.82.1440.900" x="-1032" y="304" />
    <location key="#com.intellij.codeInsight.editorActions.RestoreReferencesDialog.-1440.82.1440.900" x="-982" y="304" />
    <location key="deploy.picker.dialog.0.0.2560.1440" x="393" y="296" />
    <location key="com.intellij.testIntegration.createTest.CreateTestDialog.0.0.2560.1440" x="1037" y="462" />
    <location key="VCS.ChangeListViewerDialog.0.0.1920.1080" x="655" y="250" />
    <location key="git4idea.ui.GitTagDialog.0.0.1920.1080" x="660" y="380" />
    <location key="Vcs.Push.Dialog.0.0.1920.1080" x="767" y="253" />
    <location key="#forzaFootball.0.0.1920.1080" x="742" y="134" />
    <location key="git4idea.merge.GitMergeDialog.0.0.1920.1080" x="648" y="326" />
    <location key="#Project_Structure.0.0.1920.1080" x="550" y="181" />
    <location key="chooseDestDirectoryDialog.0.0.1440.900" x="515" y="217" />
    <location key="#com.intellij.ide.util.MemberChooser.-1440.82.1440.900" x="-907" y="265" />
    <location key="#com.intellij.refactoring.rename.AutomaticRenamingDialog.-1440.82.1440.900" x="-1304" y="105" />
    <location key="#forzaFootball.0.0.2560.1440" x="750" y="323" />
    <location key="CommitChangelistDialog2.0.0.1440.900" x="0" y="23" />
    <location key="#Edit_File_Template.0.0.1440.900" x="509" y="243" />
    <location key="com.intellij.openapi.vcs.update.UpdateOrStatusOptionsDialogupdate.0.0.1440.900" x="482" y="322" />
    <location key="#com.intellij.refactoring.move.MoveHandler.SelectRefactoringDialog.0.0.1440.900" x="126" y="353" />
    <location key="#app.0.0.1440.900" x="502" y="36" />
    <location key="#com.intellij.refactoring.typeMigration.ui.FailedConversionsDialog.0.0.1440.900" x="458" y="179" />
    <location key="com.intellij.testIntegration.createTest.CreateTestDialog.0.0.1440.900" x="407" y="187" />
    <location key="Vcs.Push.Dialog.0.0.1440.900" x="493" y="157" />
    <location key="deploy.picker.dialog.-1440.0.1440.900" x="-1036" y="222" />
    <location key="ProcessPopupWindow.-1440.0.1440.900" x="-365" y="693" />
    <location key="findTextDialog.-1440.0.1440.900" x="-958" y="152" />
    <location key="Vcs.Push.Dialog.0.0.2560.1440" x="900" y="308" />
    <location key="#com.intellij.refactoring.move.moveClassesOrPackages.MoveClassesOrPackagesDialog.classes.0.0.2560.1440" x="929" y="560" />
    <location key="#Plugins.0.0.2560.1440" x="880" y="360" />
    <location key="#com.intellij.ide.util.projectWizard.JdkChooserPanel.MyDialog.0.0.1440.900" x="539" y="310" />
    <location key="com.intellij.openapi.editor.actions.MultiplePasteAction$1.0.0.1440.900" x="0" y="56" />
    <location key="#Inspections.0.0.1440.900" x="358" y="108" />
    <location key="#Intentions.0.0.1440.900" x="320" y="90" />
    <location key="RegExHelpPopup.0.0.1440.900" x="439" y="167" />
    <location key="MultipleFileMergeDialog.0.0.2560.1440" x="790" y="294" />
    <location key="MergeDialog.0.0.2560.1440" x="0" y="23" />
    <location key="EditParametersPopupWindow.0.0.2560.1440" x="594" y="505" />
    <location key="git4idea.rebase.GitRebaseDialog.0.0.2560.1440" x="956" y="538" />
    <location key="git4idea.rebase.GitRebaseDialog.0.0.1440.900" x="396" y="268" />
    <location key="git4idea.rebase.GitRebaseEditor.0.0.1440.900" x="474" y="166" />
    <location key="MergeDialog.0.0.1440.900" x="132" y="65" />
    <location key="MultipleFileMergeDialog.0.0.1440.900" x="419" y="171" />
    <location key="git4idea.rebase.GitRebaseUnstructuredEditor.0.0.1440.900" x="0" y="217" />
    <location key="git4idea.merge.GitMergeDialog.0.0.1440.900" x="408" y="228" />
    <location key="extract.method.dialog.0.0.2560.1440" x="1018" y="472" />
    <location key="deploy.picker.dialog.0.0.1600.900" x="834" y="214" />
    <location key="findTextDialog.0.0.1600.900" x="724" y="147" />
    <location key="SettingsEditor.0.0.1600.900" x="281" y="88" />
    <location key="#com.intellij.refactoring.rename.AutomaticRenamingDialog.0.0.1600.900" x="236" y="23" />
    <location key="git4idea.merge.GitMergeDialog.0.0.2560.1440" x="905" y="349" />
    <location key="deploy.picker.dialog.0.0.2880.1800@192dpi" x="816" y="374" />
    <location key="find.popup.0.0.2560.1440" x="960" y="158" />
    <location key="SettingsEditor.0.0.2880.1800@192dpi" x="418" y="176" />
    <location key="AndroidProcessChooserDialog.0.0.2880.1800@192dpi" x="1166" y="428" />
    <location key="find.popup.0.0.2880.1800@192dpi" x="800" y="316" />
    <location key="#com.intellij.ide.util.MemberChooser.0.0.2880.1800@192dpi" x="1066" y="280" />
    <location key="#com.intellij.codeInsight.editorActions.RestoreReferencesDialog.0.0.2880.1800@192dpi" x="916" y="374" />
    <location key="#com.intellij.ide.util.PackageChooserDialog.0.0.2880.1800@192dpi" x="916" y="420" />
    <location key="git4idea.merge.GitMergeDialog.0.0.2880.1800@192dpi" x="832" y="456" />
    <location key="MergeDialog.0.0.2880.1800@192dpi" x="0" y="46" />
    <location key="MultipleFileMergeDialog.0.0.2880.1800@192dpi" x="838" y="342" />
    <location key="AndroidCreateXmlResourceDialog.0.0.2880.1800@192dpi" x="236" y="388" />
    <location key="AndroidCreateResourceFileDialog.0.0.2880.1800@192dpi" x="616" y="374" />
    <location key="#com.intellij.refactoring.move.moveClassesOrPackages.MoveClassesOrPackagesDialog.classes.0.0.2880.1800@192dpi" x="776" y="580" />
    <location key="ReplaceDuplicatesPrompt.0.0.2880.1800@192dpi" x="426" y="700" />
    <size key="ProcessPopupWindow.0.0.2560.1440" width="361" height="260" />
    <size key="GridCell.Tab.0.left.0.0.2560.1440" width="2518" height="231" />
    <size key="GridCell.Tab.0.center.0.0.2560.1440" width="2518" height="231" />
    <size key="GridCell.Tab.0.right.0.0.2560.1440" width="2518" height="231" />
    <size key="GridCell.Tab.0.bottom.0.0.2560.1440" width="2518" height="231" />
    <size key="javadoc.popup.0.0.2560.1440" width="755" height="196" />
    <size key="GridCell.Tab.1.left.0.0.2560.1440" width="2518" height="582" />
    <size key="GridCell.Tab.1.center.0.0.2560.1440" width="2518" height="582" />
    <size key="GridCell.Tab.1.right.0.0.2560.1440" width="2518" height="582" />
    <size key="GridCell.Tab.1.bottom.0.0.2560.1440" width="2518" height="582" />
    <size key="OptionsEditor.0.0.2560.1440" width="2560" height="1334" />
    <size key="com.intellij.ide.passwordSafe.impl.providers.masterKey.ResetPasswordDialog.0.0.2560.1440" width="431" height="148" />
    <size key="#com.intellij.refactoring.move.moveClassesOrPackages.MoveClassesOrPackagesDialog.classes.0.0.0.0" width="456" height="202" />
    <size key="GitCloneDialog.0.0.2560.1440" width="1023" height="168" />
    <size key="CommitChangelistDialog2.0.0.2560.1440" width="1623" height="1036" />
    <size key="GridCell.Tab.0.left.0.0.1440.900" width="0" height="0" />
    <size key="GridCell.Tab.0.center.0.0.1440.900" width="0" height="0" />
    <size key="GridCell.Tab.0.right.0.0.1440.900" width="0" height="0" />
    <size key="GridCell.Tab.0.bottom.0.0.1440.900" width="0" height="0" />
    <size key="javadoc.popup.0.0.1440.900" width="755" height="196" />
    <size key="GridCell.Tab.1.left.0.0.1440.900" width="1398" height="428" />
    <size key="GridCell.Tab.1.center.0.0.1440.900" width="1398" height="428" />
    <size key="GridCell.Tab.1.right.0.0.1440.900" width="1398" height="428" />
    <size key="GridCell.Tab.1.bottom.0.0.1440.900" width="1398" height="428" />
    <size key="GridCell.Tab.0.left.-1440.0.1440.900" width="0" height="0" />
    <size key="GridCell.Tab.0.center.-1440.0.1440.900" width="0" height="0" />
    <size key="GridCell.Tab.0.right.-1440.0.1440.900" width="0" height="0" />
    <size key="GridCell.Tab.0.bottom.-1440.0.1440.900" width="0" height="0" />
    <size key="GridCell.Tab.1.left.-1440.0.1440.900" width="1398" height="259" />
    <size key="GridCell.Tab.1.center.-1440.0.1440.900" width="1398" height="259" />
    <size key="GridCell.Tab.1.right.-1440.0.1440.900" width="1398" height="259" />
    <size key="GridCell.Tab.1.bottom.-1440.0.1440.900" width="1398" height="259" />
    <size key="GridCell.Tab.2.left.0.0.1440.900" width="1026" height="224" />
    <size key="GridCell.Tab.2.center.0.0.1440.900" width="1026" height="224" />
    <size key="GridCell.Tab.2.right.0.0.1440.900" width="1026" height="224" />
    <size key="GridCell.Tab.2.bottom.0.0.1440.900" width="1026" height="224" />
    <size key="GridCell.Tab.3.left.0.0.1440.900" width="1141" height="172" />
    <size key="GridCell.Tab.3.center.0.0.1440.900" width="1141" height="172" />
    <size key="GridCell.Tab.3.right.0.0.1440.900" width="1141" height="172" />
    <size key="GridCell.Tab.3.bottom.0.0.1440.900" width="1141" height="172" />
    <size key="GridCell.Tab.2.left.0.0.2560.1440" width="2518" height="215" />
    <size key="GridCell.Tab.2.center.0.0.2560.1440" width="2518" height="215" />
    <size key="GridCell.Tab.2.right.0.0.2560.1440" width="2518" height="215" />
    <size key="GridCell.Tab.2.bottom.0.0.2560.1440" width="2518" height="215" />
    <size key="GridCell.Tab.3.left.0.0.2560.1440" width="2518" height="215" />
    <size key="GridCell.Tab.3.center.0.0.2560.1440" width="2518" height="215" />
    <size key="GridCell.Tab.3.right.0.0.2560.1440" width="2518" height="215" />
    <size key="GridCell.Tab.3.bottom.0.0.2560.1440" width="2518" height="215" />
    <size key="SettingsEditor.0.0.2560.1440" width="1399" height="797" />
    <size key="ProcessPopupWindow.0.0.1440.900" width="348" height="105" />
    <size key="GridCell.Tab.4.left.0.0.2560.1440" width="1292" height="397" />
    <size key="GridCell.Tab.4.center.0.0.2560.1440" width="1292" height="397" />
    <size key="GridCell.Tab.4.right.0.0.2560.1440" width="1292" height="397" />
    <size key="GridCell.Tab.4.bottom.0.0.2560.1440" width="1292" height="397" />
    <size key="GridCell.Tab.4.left.0.0.1440.900" width="692" height="173" />
    <size key="GridCell.Tab.4.center.0.0.1440.900" width="692" height="173" />
    <size key="GridCell.Tab.4.right.0.0.1440.900" width="692" height="173" />
    <size key="GridCell.Tab.4.bottom.0.0.1440.900" width="692" height="173" />
    <size key="findTextDialog.0.0.2560.1440" width="1105" height="780" />
    <size key="GridCell.Tab.2.left.-1440.0.1440.900" width="1398" height="96" />
    <size key="GridCell.Tab.2.center.-1440.0.1440.900" width="1398" height="96" />
    <size key="GridCell.Tab.2.right.-1440.0.1440.900" width="1398" height="96" />
    <size key="GridCell.Tab.2.bottom.-1440.0.1440.900" width="1398" height="96" />
    <size key="GridCell.Tab.3.left.-1440.0.1440.900" width="1743" height="218" />
    <size key="GridCell.Tab.3.center.-1440.0.1440.900" width="1743" height="218" />
    <size key="GridCell.Tab.3.right.-1440.0.1440.900" width="1743" height="218" />
    <size key="GridCell.Tab.3.bottom.-1440.0.1440.900" width="1743" height="218" />
    <size key="#com.intellij.refactoring.move.moveClassesOrPackages.MoveClassesOrPackagesDialog.classes.0.0.1440.900" width="695" height="271" />
    <size key="GridCell.Tab.0.left.0.0.1920.1080" width="1878" height="309" />
    <size key="GridCell.Tab.0.center.0.0.1920.1080" width="1878" height="309" />
    <size key="GridCell.Tab.0.right.0.0.1920.1080" width="1878" height="309" />
    <size key="GridCell.Tab.0.bottom.0.0.1920.1080" width="1878" height="309" />
    <size key="GridCell.Tab.1.left.0.0.1920.1080" width="1878" height="309" />
    <size key="GridCell.Tab.1.center.0.0.1920.1080" width="1878" height="309" />
    <size key="GridCell.Tab.1.right.0.0.1920.1080" width="1878" height="309" />
    <size key="GridCell.Tab.1.bottom.0.0.1920.1080" width="1878" height="309" />
    <size key="GridCell.Tab.2.left.0.0.1920.1080" width="1277" height="358" />
    <size key="GridCell.Tab.2.center.0.0.1920.1080" width="1277" height="358" />
    <size key="GridCell.Tab.2.right.0.0.1920.1080" width="1277" height="358" />
    <size key="GridCell.Tab.2.bottom.0.0.1920.1080" width="1277" height="358" />
    <size key="GridCell.Tab.3.left.0.0.1920.1080" width="1878" height="289" />
    <size key="GridCell.Tab.3.center.0.0.1920.1080" width="1878" height="289" />
    <size key="GridCell.Tab.3.right.0.0.1920.1080" width="1878" height="289" />
    <size key="GridCell.Tab.3.bottom.0.0.1920.1080" width="1878" height="289" />
    <size key="javadoc.popup.0.0.1920.1080" width="481" height="170" />
    <size key="SettingsEditor.0.0.1920.1080" width="1586" height="753" />
    <size key="#com.intellij.refactoring.rename.AutomaticRenamingDialog.0.0.1920.1080" width="1196" height="967" />
    <size key="GridCell.Tab.0.left.-1440.82.1440.900" width="0" height="0" />
    <size key="GridCell.Tab.0.center.-1440.82.1440.900" width="0" height="0" />
    <size key="GridCell.Tab.0.right.-1440.82.1440.900" width="0" height="0" />
    <size key="GridCell.Tab.0.bottom.-1440.82.1440.900" width="0" height="0" />
    <size key="GridCell.Tab.1.left.-1440.82.1440.900" width="1398" height="302" />
    <size key="GridCell.Tab.1.center.-1440.82.1440.900" width="1398" height="302" />
    <size key="GridCell.Tab.1.right.-1440.82.1440.900" width="1398" height="302" />
    <size key="GridCell.Tab.1.bottom.-1440.82.1440.900" width="1398" height="302" />
    <size key="GridCell.Tab.2.left.-1440.82.1440.900" width="1878" height="467" />
    <size key="GridCell.Tab.2.center.-1440.82.1440.900" width="1878" height="467" />
    <size key="GridCell.Tab.2.right.-1440.82.1440.900" width="1878" height="467" />
    <size key="GridCell.Tab.2.bottom.-1440.82.1440.900" width="1878" height="467" />
    <size key="#com.intellij.refactoring.move.moveClassesOrPackages.MoveClassesOrPackagesDialog.classes.0.0.1920.1080" width="473" height="222" />
    <size key="ScreenshotViewer.Dimensions.0.0.1920.1080" width="741" height="967" />
    <size key="findTextDialog.0.0.1440.900" width="804" height="573" />
    <size key="#Project_Structure.0.0.1440.900" width="1236" height="686" />
    <size key="javadoc.popup.-1440.82.1440.900" width="481" height="170" />
    <size key="findTextDialog.0.0.1920.1080" width="1071" height="607" />
    <size key="#Project_Structure.0.0.1920.1080" width="1236" height="686" />
    <size key="XDebugger.FullValuePopup.0.0.1440.900" width="720" height="405" />
    <size key="javadoc.popup.-1440.0.1440.900" width="720" height="123" />
    <size key="ProcessPopupWindow.-1440.0.1440.900" width="199" height="110" />
    <size key="Vcs.Push.Dialog.0.0.2560.1440" width="810" height="651" />
    <size key="CommitChangelistDialog2.0.0.1440.900" width="1440" height="806" />
    <size key="RegExHelpPopup.0.0.1440.900" width="600" height="324" />
    <size key="com.intellij.openapi.editor.actions.MultiplePasteAction$1.0.0.1440.900" width="882" height="739" />
    <size key="MergeDialog.0.0.2560.1440" width="2560" height="1345" />
    <size key="git4idea.rebase.GitRebaseEditor.0.0.1440.900" width="717" height="551" />
    <size key="MergeDialog.0.0.1440.900" width="1306" height="743" />
    <size key="GridCell.Tab.0.left.0.0.1600.900" width="0" height="0" />
    <size key="GridCell.Tab.0.center.0.0.1600.900" width="0" height="0" />
    <size key="GridCell.Tab.0.right.0.0.1600.900" width="0" height="0" />
    <size key="GridCell.Tab.0.bottom.0.0.1600.900" width="0" height="0" />
    <size key="javadoc.popup.0.0.1600.900" width="481" height="175" />
    <size key="GridCell.Tab.1.left.0.0.1600.900" width="787" height="173" />
    <size key="GridCell.Tab.1.center.0.0.1600.900" width="787" height="173" />
    <size key="GridCell.Tab.1.right.0.0.1600.900" width="787" height="173" />
    <size key="GridCell.Tab.1.bottom.0.0.1600.900" width="787" height="173" />
    <size key="GridCell.Tab.0.left.0.0.2880.1800@192dpi" width="2796" height="730" />
    <size key="GridCell.Tab.0.center.0.0.2880.1800@192dpi" width="2796" height="730" />
    <size key="GridCell.Tab.0.right.0.0.2880.1800@192dpi" width="2796" height="730" />
    <size key="GridCell.Tab.0.bottom.0.0.2880.1800@192dpi" width="2796" height="730" />
    <size key="javadoc.popup.0.0.2880.1800@192dpi" width="962" height="350" />
    <size key="find.popup.0.0.2560.1440" width="870" height="630" />
    <size key="find.popup.0.0.2880.1800@192dpi" width="1740" height="1260" />
    <size key="MergeDialog.0.0.2880.1800@192dpi" width="2880" height="1610" />
  </component>
</application>