<application>
  <component name="EclipseCodeFormatterSettings">
    <option name="settingsList">
      <list>
        <Settings>
          <option name="defaultSettings" value="true" />
          <option name="formatter" value="ECLIPSE" />
          <option name="id" value="1430206645358" />
          <option name="name" value="default" />
          <option name="pathToConfigFileJava" value="$USER_HOME$/Dropbox (FootballAddicts)/Android/Forza Football/Old 3.0 Forza/Live Score Addicts Format.xml" />
          <option name="selectedJavaProfile" value="Live Score Addicts Format" />
        </Settings>
      </list>
    </option>
  </component>
</application>