<application>
  <component name="FeatureUsageStatistics" first-run="1418045182292" have-been-shown="false" show-in-other="true" show-in-compilation="true">
    <feature id="refactoring.moveTopLevel" count="0" last-shown="0" last-used="0" shown-count="0" />
    <feature id="refactoring.introduceTypedef" count="0" last-shown="0" last-used="0" shown-count="0" />
    <feature id="refactoring.rename" count="95" last-shown="0" last-used="1511861279179" shown-count="0" />
    <feature id="refactoring.pushDown" count="0" last-shown="0" last-used="0" shown-count="0" />
    <feature id="refactoring.inlineMacro" count="0" last-shown="0" last-used="0" shown-count="0" />
    <feature id="refactoring.changeSignature" count="0" last-shown="0" last-used="0" shown-count="0" />
    <feature id="codeassists.quickFix" count="4689" last-shown="0" last-used="1511882275282" shown-count="0" />
    <feature id="codeassists.altInsert" count="0" last-shown="0" last-used="0" shown-count="0" />
    <feature id="codeassists.complete.statement" count="4" last-shown="0" last-used="1510327784977" shown-count="0" />
    <feature id="refactoring.inlineTypedef" count="0" last-shown="0" last-used="0" shown-count="0" />
    <feature id="navigation.goto.inspection" count="0" last-shown="0" last-used="0" shown-count="0" />
    <feature id="refactoring.introduceConstant" count="0" last-shown="0" last-used="0" shown-count="0" />
    <feature id="refactoring.pullUp" count="0" last-shown="0" last-used="0" shown-count="0" />
    <feature id="navigation.popup.class" count="37" last-shown="0" last-used="1509356662061" shown-count="0" />
    <feature id="codeassists.overrideimplement" count="252" last-shown="0" last-used="1511865116239" shown-count="0" />
    <feature id="codeassists.parameterInfo" count="0" last-shown="0" last-used="0" shown-count="0" />
    <feature id="refactoring.inlineParameter" count="0" last-shown="0" last-used="0" shown-count="0" />
    <feature id="codeassists.quickdefinition" count="36" last-shown="1511873628766" last-used="1510760063206" shown-count="1880" />
    <feature id="editing.completion.basic" count="34074" last-shown="0" last-used="1511883302962" shown-count="0" />
    <feature id="refactoring.inlineConst" count="0" last-shown="0" last-used="0" shown-count="0" />
    <feature id="tag.name.completion" count="0" last-shown="0" last-used="0" shown-count="0" />
    <feature id="generate.definitions" count="0" last-shown="0" last-used="0" shown-count="0" />
    <feature id="refactoring.extractMethod" count="0" last-shown="0" last-used="0" shown-count="0" />
    <feature id="refactoring.introduceDefine" count="0" last-shown="0" last-used="0" shown-count="0" />
    <feature id="codeassists.surroundwith.expression" count="0" last-shown="0" last-used="0" shown-count="0" />
    <feature id="editing.select.word" count="32494" last-shown="0" last-used="1511883275574" shown-count="0" />
    <feature id="refactoring.extractSuperclass" count="0" last-shown="0" last-used="0" shown-count="0" />
    <feature id="navigation.goto.declaration" count="16315" last-shown="0" last-used="1511886050505" shown-count="0" />
    <feature id="refactoring.inlineMethod" count="0" last-shown="0" last-used="0" shown-count="0" />
    <feature id="refactoring.extractSubclass" count="0" last-shown="0" last-used="0" shown-count="0" />
    <feature id="editing.completion.smarttype.general" count="3" last-shown="1511883239693" last-used="1441794828575" shown-count="42465" />
    <feature id="navigation.popup.file.structure" count="0" last-shown="0" last-used="0" shown-count="0" />
    <feature id="codeassists.liveTemplates" count="0" last-shown="0" last-used="0" shown-count="0" />
    <feature id="navigation.select.in" count="1" last-shown="0" last-used="1425547400376" shown-count="0" />
    <feature id="navigation.goto.usages" count="0" last-shown="0" last-used="0" shown-count="0" />
    <feature id="codeassists.quickjavadoc" count="0" last-shown="1511873628766" last-used="0" shown-count="2899" />
    <feature id="refactoring.introduceParameter" count="0" last-shown="0" last-used="0" shown-count="0" />
    <feature id="refactoring.inlineLocalVar" count="0" last-shown="0" last-used="0" shown-count="0" />
    <feature id="editing.completion.changeSorting" count="0" last-shown="0" last-used="0" shown-count="0" />
    <feature id="refactoring.appCodeIntroduceVariable" count="0" last-shown="0" last-used="0" shown-count="0" />
    <feature id="refactoring.moveMembers" count="0" last-shown="0" last-used="0" shown-count="0" />
    <completionStatsTag>
      <option name="sparedCharacters" value="279186" />
      <option name="invocations" value="25535" />
      <option name="startDate" value="1424300400000" />
      <option name="dayCount" value="361" />
      <option name="lastDate" value="1511823600000" />
    </completionStatsTag>
    <fixesStatsTag>
      <option name="invocations" value="5499" />
      <option name="startDate" value="1424300400000" />
      <option name="dayCount" value="333" />
      <option name="lastDate" value="1511823600000" />
    </fixesStatsTag>
  </component>
</application>