<application>
  <component name="FindRecents">
    <findStrings>
      <find>trackingContext =</find>
      <find>ondraw</find>
      <find>invalidate</find>
      <find>addview</find>
      <find>tabLayoutParams =</find>
      <find>setlayoutparams</find>
      <find>horizon</find>
      <find>weekday</find>
      <find>initspring</find>
      <find>headpoint</find>
      <find>initspri</find>
      <find>13</find>
      <find>mWeekCalendarDays</find>
      <find>ondayclick</find>
      <find>ontouch</find>
      <find>init</find>
      <find>add</find>
      <find>offset</find>
      <find>topic</find>
      <find>changesetting</find>
      <find>Unknown noti</find>
      <find>appbar</find>
      <find>create</find>
      <find>indicatorColor</find>
      <find>select</find>
      <find>changeseting</find>
      <find>mLastPostionFinishing =</find>
      <find>weekposition =</find>
      <find>setuptabs</find>
      <find>springview</find>
    </findStrings>
    <replaceStrings>
      <replace>.getMatchActivity()</replace>
      <replace>getMatchActivity</replace>
      <replace>ForzaApplication.getGcmToken();</replace>
      <replace>apply()</replace>
      <replace>android:background=&quot;?android:selectableItemBackground&quot;</replace>
      <replace>android:background=&quot;?android:selectableItemBackgroundBorderless&quot;</replace>
      <replace>app</replace>
      <replace>submitAdClick</replace>
      <replace>positiveVoteColor</replace>
      <replace>hasData = true;</replace>
      <replace>AdzerkAd</replace>
      <replace>properties.put(</replace>
      <replace>MainActivity.MatchListDay</replace>
      <replace>2</replace>
      <replace>videoAdContainer</replace>
      <replace>marginEnd</replace>
      <replace>android:layout_marginStart</replace>
      <replace>android:layout_marginEnd</replace>
      <replace>android:paddingEnd</replace>
      <replace>android:paddingStart</replace>
      <replace>playerBioView</replace>
      <replace>ad</replace>
      <replace>this</replace>
      <replace>matchMinute =</replace>
      <replace>context</replace>
      <replace>MatchHolder</replace>
      <replace>getMatch()</replace>
      <replace>match</replace>
      <replace>mCalendarDay</replace>
      <replace>CalendarUtil</replace>
    </replaceStrings>
    <dirStrings>
      <dir>$USER_HOME$/AndroidStudioProjects/live-score-addicts-android/forzaFootball/src/main/res/layout</dir>
    </dirStrings>
  </component>
</application>