<application>
  <component name="IgnoreSettings" missingGitignore="true" ignoredFileStatus="true" outerIgnoreRules="true" settingsFixed="true">
    <languages>
      <language id="Bazaar" ENABLE="true" NEW_FILE="true" />
      <language id="Chef" ENABLE="false" NEW_FILE="true" />
      <language id="Cvs" ENABLE="true" NEW_FILE="true" />
      <language id="Darcs" ENABLE="true" NEW_FILE="true" />
      <language id="Docker" ENABLE="false" NEW_FILE="true" />
      <language id="Floobits" ENABLE="false" NEW_FILE="true" />
      <language id="Fossil" ENABLE="true" NEW_FILE="true" />
      <language id="Git" ENABLE="true" NEW_FILE="true" />
      <language id="JSHint" ENABLE="false" NEW_FILE="true" />
      <language id="Mercurial" ENABLE="true" NEW_FILE="true" />
      <language id="Monotone" ENABLE="true" NEW_FILE="true" />
      <language id="Nodemon" ENABLE="false" NEW_FILE="true" />
      <language id="Npm" ENABLE="false" NEW_FILE="true" />
      <language id="Perforce" ENABLE="true" NEW_FILE="true" />
      <language id="Team Foundation" ENABLE="true" NEW_FILE="true" />
    </languages>
    <userTemplates>
      <template name="Example user template">### Example user template

# IntelliJ project files
.idea
*.iml
out
gen</template>
    </userTemplates>
  </component>
</application>