<application>
  <component name="ProjectJdkTable">
    <jdk version="2">
      <name value="1.8" />
      <type value="JavaSDK" />
      <version value="java version &quot;1.8.0_25&quot;" />
      <homePath value="/Library/Java/JavaVirtualMachines/jdk1.8.0_25.jdk/Contents/Home" />
      <roots>
        <annotationsPath>
          <root type="composite">
            <root type="simple" url="jar://$APPLICATION_HOME_DIR$/lib/jdkAnnotations.jar!/" />
          </root>
        </annotationsPath>
        <classPath>
          <root type="composite">
            <root type="simple" url="jar:///Library/Java/JavaVirtualMachines/jdk1.8.0_25.jdk/Contents/Home/jre/lib/charsets.jar!/" />
            <root type="simple" url="jar:///Library/Java/JavaVirtualMachines/jdk1.8.0_25.jdk/Contents/Home/jre/lib/deploy.jar!/" />
            <root type="simple" url="jar:///Library/Java/JavaVirtualMachines/jdk1.8.0_25.jdk/Contents/Home/jre/lib/ext/cldrdata.jar!/" />
            <root type="simple" url="jar:///Library/Java/JavaVirtualMachines/jdk1.8.0_25.jdk/Contents/Home/jre/lib/ext/dnsns.jar!/" />
            <root type="simple" url="jar:///Library/Java/JavaVirtualMachines/jdk1.8.0_25.jdk/Contents/Home/jre/lib/ext/jfxrt.jar!/" />
            <root type="simple" url="jar:///Library/Java/JavaVirtualMachines/jdk1.8.0_25.jdk/Contents/Home/jre/lib/ext/localedata.jar!/" />
            <root type="simple" url="jar:///Library/Java/JavaVirtualMachines/jdk1.8.0_25.jdk/Contents/Home/jre/lib/ext/nashorn.jar!/" />
            <root type="simple" url="jar:///Library/Java/JavaVirtualMachines/jdk1.8.0_25.jdk/Contents/Home/jre/lib/ext/sunec.jar!/" />
            <root type="simple" url="jar:///Library/Java/JavaVirtualMachines/jdk1.8.0_25.jdk/Contents/Home/jre/lib/ext/sunjce_provider.jar!/" />
            <root type="simple" url="jar:///Library/Java/JavaVirtualMachines/jdk1.8.0_25.jdk/Contents/Home/jre/lib/ext/sunpkcs11.jar!/" />
            <root type="simple" url="jar:///Library/Java/JavaVirtualMachines/jdk1.8.0_25.jdk/Contents/Home/jre/lib/ext/zipfs.jar!/" />
            <root type="simple" url="jar:///Library/Java/JavaVirtualMachines/jdk1.8.0_25.jdk/Contents/Home/jre/lib/javaws.jar!/" />
            <root type="simple" url="jar:///Library/Java/JavaVirtualMachines/jdk1.8.0_25.jdk/Contents/Home/jre/lib/jce.jar!/" />
            <root type="simple" url="jar:///Library/Java/JavaVirtualMachines/jdk1.8.0_25.jdk/Contents/Home/jre/lib/jfr.jar!/" />
            <root type="simple" url="jar:///Library/Java/JavaVirtualMachines/jdk1.8.0_25.jdk/Contents/Home/jre/lib/jfxswt.jar!/" />
            <root type="simple" url="jar:///Library/Java/JavaVirtualMachines/jdk1.8.0_25.jdk/Contents/Home/jre/lib/jsse.jar!/" />
            <root type="simple" url="jar:///Library/Java/JavaVirtualMachines/jdk1.8.0_25.jdk/Contents/Home/jre/lib/management-agent.jar!/" />
            <root type="simple" url="jar:///Library/Java/JavaVirtualMachines/jdk1.8.0_25.jdk/Contents/Home/jre/lib/plugin.jar!/" />
            <root type="simple" url="jar:///Library/Java/JavaVirtualMachines/jdk1.8.0_25.jdk/Contents/Home/jre/lib/resources.jar!/" />
            <root type="simple" url="jar:///Library/Java/JavaVirtualMachines/jdk1.8.0_25.jdk/Contents/Home/jre/lib/rt.jar!/" />
            <root type="simple" url="jar:///Library/Java/JavaVirtualMachines/jdk1.8.0_25.jdk/Contents/Home/lib/ant-javafx.jar!/" />
            <root type="simple" url="jar:///Library/Java/JavaVirtualMachines/jdk1.8.0_25.jdk/Contents/Home/lib/dt.jar!/" />
            <root type="simple" url="jar:///Library/Java/JavaVirtualMachines/jdk1.8.0_25.jdk/Contents/Home/lib/javafx-mx.jar!/" />
            <root type="simple" url="jar:///Library/Java/JavaVirtualMachines/jdk1.8.0_25.jdk/Contents/Home/lib/jconsole.jar!/" />
            <root type="simple" url="jar:///Library/Java/JavaVirtualMachines/jdk1.8.0_25.jdk/Contents/Home/lib/sa-jdi.jar!/" />
            <root type="simple" url="jar:///Library/Java/JavaVirtualMachines/jdk1.8.0_25.jdk/Contents/Home/lib/tools.jar!/" />
          </root>
        </classPath>
        <javadocPath>
          <root type="composite" />
        </javadocPath>
        <sourcePath>
          <root type="composite">
            <root type="simple" url="jar:///Library/Java/JavaVirtualMachines/jdk1.8.0_25.jdk/Contents/Home/src.zip!/" />
            <root type="simple" url="jar:///Library/Java/JavaVirtualMachines/jdk1.8.0_25.jdk/Contents/Home/javafx-src.zip!/" />
          </root>
        </sourcePath>
      </roots>
      <additional />
    </jdk>
    <jdk version="2">
      <name value="Android API 21 Platform" />
      <type value="Android SDK" />
      <homePath value="$USER_HOME$/Library/Android/sdk" />
      <roots>
        <annotationsPath>
          <root type="composite">
            <root type="simple" url="jar://$APPLICATION_HOME_DIR$/plugins/android/lib/androidAnnotations.jar!/" />
          </root>
        </annotationsPath>
        <classPath>
          <root type="composite">
            <root type="simple" url="jar://$USER_HOME$/Library/Android/sdk/platforms/android-21/android.jar!/" />
            <root type="simple" url="file://$USER_HOME$/Library/Android/sdk/platforms/android-21/data/res" />
          </root>
        </classPath>
        <javadocPath>
          <root type="composite">
            <root type="simple" url="http://developer.android.com/reference/" />
          </root>
        </javadocPath>
        <sourcePath>
          <root type="composite" />
        </sourcePath>
      </roots>
      <additional jdk="1.8" sdk="android-21" />
    </jdk>
    <jdk version="2">
      <name value="Android API 23 Platform" />
      <type value="Android SDK" />
      <homePath value="$USER_HOME$/Library/Android/sdk" />
      <roots>
        <annotationsPath>
          <root type="composite">
            <root type="simple" url="jar://$APPLICATION_HOME_DIR$/plugins/android/lib/androidAnnotations.jar!/" />
          </root>
        </annotationsPath>
        <classPath>
          <root type="composite">
            <root type="simple" url="jar://$USER_HOME$/Library/Android/sdk/platforms/android-23/android.jar!/" />
            <root type="simple" url="file://$USER_HOME$/Library/Android/sdk/platforms/android-23/data/res" />
          </root>
        </classPath>
        <javadocPath>
          <root type="composite">
            <root type="simple" url="http://developer.android.com/reference/" />
          </root>
        </javadocPath>
        <sourcePath>
          <root type="composite" />
        </sourcePath>
      </roots>
      <additional jdk="1.8" sdk="android-23" />
    </jdk>
    <jdk version="2">
      <name value="Android API 24 Platform" />
      <type value="Android SDK" />
      <version value="java version &quot;1.8.0_25&quot;" />
      <homePath value="$USER_HOME$/Library/Android/sdk" />
      <roots>
        <annotationsPath>
          <root type="composite">
            <root type="simple" url="jar://$APPLICATION_HOME_DIR$/plugins/android/lib/androidAnnotations.jar!/" />
          </root>
        </annotationsPath>
        <classPath>
          <root type="composite">
            <root type="simple" url="jar://$USER_HOME$/Library/Android/sdk/platforms/android-24/android.jar!/" />
            <root type="simple" url="file://$USER_HOME$/Library/Android/sdk/platforms/android-24/data/res" />
          </root>
        </classPath>
        <javadocPath>
          <root type="composite">
            <root type="simple" url="http://developer.android.com/reference/" />
          </root>
        </javadocPath>
        <sourcePath>
          <root type="composite">
            <root type="simple" url="file://$USER_HOME$/Library/Android/sdk/sources/android-24" />
          </root>
        </sourcePath>
      </roots>
      <additional jdk="1.8" sdk="android-24" />
    </jdk>
    <jdk version="2">
      <name value="Android API 25 Platform" />
      <type value="Android SDK" />
      <homePath value="$USER_HOME$/Library/Android/sdk" />
      <roots>
        <annotationsPath>
          <root type="composite">
            <root type="simple" url="jar://$APPLICATION_HOME_DIR$/plugins/android/lib/androidAnnotations.jar!/" />
          </root>
        </annotationsPath>
        <classPath>
          <root type="composite">
            <root type="simple" url="jar://$USER_HOME$/Library/Android/sdk/platforms/android-25/android.jar!/" />
            <root type="simple" url="file://$USER_HOME$/Library/Android/sdk/platforms/android-25/data/res" />
          </root>
        </classPath>
        <javadocPath>
          <root type="composite">
            <root type="simple" url="http://developer.android.com/reference/" />
            <root type="simple" url="http://developer.android.com/reference/" />
            <root type="simple" url="http://developer.android.com/reference/" />
            <root type="simple" url="http://developer.android.com/reference/" />
            <root type="simple" url="http://developer.android.com/reference/" />
            <root type="simple" url="http://developer.android.com/reference/" />
            <root type="simple" url="http://developer.android.com/reference/" />
            <root type="simple" url="http://developer.android.com/reference/" />
            <root type="simple" url="http://developer.android.com/reference/" />
            <root type="simple" url="http://developer.android.com/reference/" />
            <root type="simple" url="http://developer.android.com/reference/" />
            <root type="simple" url="http://developer.android.com/reference/" />
            <root type="simple" url="http://developer.android.com/reference/" />
            <root type="simple" url="http://developer.android.com/reference/" />
            <root type="simple" url="http://developer.android.com/reference/" />
            <root type="simple" url="http://developer.android.com/reference/" />
            <root type="simple" url="http://developer.android.com/reference/" />
          </root>
        </javadocPath>
        <sourcePath>
          <root type="composite">
            <root type="simple" url="file://$USER_HOME$/Library/Android/sdk/sources/android-25" />
          </root>
        </sourcePath>
      </roots>
      <additional jdk="1.8" sdk="android-25" />
    </jdk>
    <jdk version="2">
      <name value="1.8 (1)" />
      <type value="JavaSDK" />
      <version value="java version &quot;1.8.0_112-release&quot;" />
      <homePath value="$APPLICATION_HOME_DIR$/jre/jdk/Contents/Home" />
      <roots>
        <annotationsPath>
          <root type="composite">
            <root type="simple" url="jar://$APPLICATION_HOME_DIR$/lib/jdkAnnotations.jar!/" />
          </root>
        </annotationsPath>
        <classPath>
          <root type="composite">
            <root type="simple" url="jar://$APPLICATION_HOME_DIR$/jre/jdk/Contents/Home/jre/lib/charsets.jar!/" />
            <root type="simple" url="jar://$APPLICATION_HOME_DIR$/jre/jdk/Contents/Home/jre/lib/ext/cldrdata.jar!/" />
            <root type="simple" url="jar://$APPLICATION_HOME_DIR$/jre/jdk/Contents/Home/jre/lib/ext/dnsns.jar!/" />
            <root type="simple" url="jar://$APPLICATION_HOME_DIR$/jre/jdk/Contents/Home/jre/lib/ext/jaccess.jar!/" />
            <root type="simple" url="jar://$APPLICATION_HOME_DIR$/jre/jdk/Contents/Home/jre/lib/ext/localedata.jar!/" />
            <root type="simple" url="jar://$APPLICATION_HOME_DIR$/jre/jdk/Contents/Home/jre/lib/ext/nashorn.jar!/" />
            <root type="simple" url="jar://$APPLICATION_HOME_DIR$/jre/jdk/Contents/Home/jre/lib/ext/sunec.jar!/" />
            <root type="simple" url="jar://$APPLICATION_HOME_DIR$/jre/jdk/Contents/Home/jre/lib/ext/sunjce_provider.jar!/" />
            <root type="simple" url="jar://$APPLICATION_HOME_DIR$/jre/jdk/Contents/Home/jre/lib/ext/sunpkcs11.jar!/" />
            <root type="simple" url="jar://$APPLICATION_HOME_DIR$/jre/jdk/Contents/Home/jre/lib/ext/zipfs.jar!/" />
            <root type="simple" url="jar://$APPLICATION_HOME_DIR$/jre/jdk/Contents/Home/jre/lib/jce.jar!/" />
            <root type="simple" url="jar://$APPLICATION_HOME_DIR$/jre/jdk/Contents/Home/jre/lib/jsse.jar!/" />
            <root type="simple" url="jar://$APPLICATION_HOME_DIR$/jre/jdk/Contents/Home/jre/lib/management-agent.jar!/" />
            <root type="simple" url="jar://$APPLICATION_HOME_DIR$/jre/jdk/Contents/Home/jre/lib/resources.jar!/" />
            <root type="simple" url="jar://$APPLICATION_HOME_DIR$/jre/jdk/Contents/Home/jre/lib/rt.jar!/" />
            <root type="simple" url="jar://$APPLICATION_HOME_DIR$/jre/jdk/Contents/Home/lib/dt.jar!/" />
            <root type="simple" url="jar://$APPLICATION_HOME_DIR$/jre/jdk/Contents/Home/lib/jconsole.jar!/" />
            <root type="simple" url="jar://$APPLICATION_HOME_DIR$/jre/jdk/Contents/Home/lib/sa-jdi.jar!/" />
            <root type="simple" url="jar://$APPLICATION_HOME_DIR$/jre/jdk/Contents/Home/lib/tools.jar!/" />
          </root>
        </classPath>
        <javadocPath>
          <root type="composite">
            <root type="simple" url="http://docs.oracle.com/javase/8/docs/api" />
          </root>
        </javadocPath>
        <sourcePath>
          <root type="composite" />
        </sourcePath>
      </roots>
      <additional />
    </jdk>
    <jdk version="2">
      <name value="1.8 (2)" />
      <type value="JavaSDK" />
      <version value="java version &quot;1.8.0_112-release&quot;" />
      <homePath value="$APPLICATION_HOME_DIR$/jre/jdk/Contents/Home" />
      <roots>
        <annotationsPath>
          <root type="composite">
            <root type="simple" url="jar://$APPLICATION_HOME_DIR$/lib/jdkAnnotations.jar!/" />
          </root>
        </annotationsPath>
        <classPath>
          <root type="composite">
            <root type="simple" url="jar://$APPLICATION_HOME_DIR$/jre/jdk/Contents/Home/jre/lib/charsets.jar!/" />
            <root type="simple" url="jar://$APPLICATION_HOME_DIR$/jre/jdk/Contents/Home/jre/lib/ext/cldrdata.jar!/" />
            <root type="simple" url="jar://$APPLICATION_HOME_DIR$/jre/jdk/Contents/Home/jre/lib/ext/dnsns.jar!/" />
            <root type="simple" url="jar://$APPLICATION_HOME_DIR$/jre/jdk/Contents/Home/jre/lib/ext/jaccess.jar!/" />
            <root type="simple" url="jar://$APPLICATION_HOME_DIR$/jre/jdk/Contents/Home/jre/lib/ext/localedata.jar!/" />
            <root type="simple" url="jar://$APPLICATION_HOME_DIR$/jre/jdk/Contents/Home/jre/lib/ext/nashorn.jar!/" />
            <root type="simple" url="jar://$APPLICATION_HOME_DIR$/jre/jdk/Contents/Home/jre/lib/ext/sunec.jar!/" />
            <root type="simple" url="jar://$APPLICATION_HOME_DIR$/jre/jdk/Contents/Home/jre/lib/ext/sunjce_provider.jar!/" />
            <root type="simple" url="jar://$APPLICATION_HOME_DIR$/jre/jdk/Contents/Home/jre/lib/ext/sunpkcs11.jar!/" />
            <root type="simple" url="jar://$APPLICATION_HOME_DIR$/jre/jdk/Contents/Home/jre/lib/ext/zipfs.jar!/" />
            <root type="simple" url="jar://$APPLICATION_HOME_DIR$/jre/jdk/Contents/Home/jre/lib/jce.jar!/" />
            <root type="simple" url="jar://$APPLICATION_HOME_DIR$/jre/jdk/Contents/Home/jre/lib/jsse.jar!/" />
            <root type="simple" url="jar://$APPLICATION_HOME_DIR$/jre/jdk/Contents/Home/jre/lib/management-agent.jar!/" />
            <root type="simple" url="jar://$APPLICATION_HOME_DIR$/jre/jdk/Contents/Home/jre/lib/resources.jar!/" />
            <root type="simple" url="jar://$APPLICATION_HOME_DIR$/jre/jdk/Contents/Home/jre/lib/rt.jar!/" />
            <root type="simple" url="jar://$APPLICATION_HOME_DIR$/jre/jdk/Contents/Home/lib/dt.jar!/" />
            <root type="simple" url="jar://$APPLICATION_HOME_DIR$/jre/jdk/Contents/Home/lib/jconsole.jar!/" />
            <root type="simple" url="jar://$APPLICATION_HOME_DIR$/jre/jdk/Contents/Home/lib/sa-jdi.jar!/" />
            <root type="simple" url="jar://$APPLICATION_HOME_DIR$/jre/jdk/Contents/Home/lib/tools.jar!/" />
          </root>
        </classPath>
        <javadocPath>
          <root type="composite">
            <root type="simple" url="http://docs.oracle.com/javase/8/docs/api" />
          </root>
        </javadocPath>
        <sourcePath>
          <root type="composite" />
        </sourcePath>
      </roots>
      <additional />
    </jdk>
    <jdk version="2">
      <name value="1.8 (3)" />
      <type value="JavaSDK" />
      <version value="java version &quot;1.8.0_112-release&quot;" />
      <homePath value="$APPLICATION_HOME_DIR$/jre/jdk/Contents/Home" />
      <roots>
        <annotationsPath>
          <root type="composite">
            <root type="simple" url="jar://$APPLICATION_HOME_DIR$/lib/jdkAnnotations.jar!/" />
          </root>
        </annotationsPath>
        <classPath>
          <root type="composite">
            <root type="simple" url="jar://$APPLICATION_HOME_DIR$/jre/jdk/Contents/Home/jre/lib/charsets.jar!/" />
            <root type="simple" url="jar://$APPLICATION_HOME_DIR$/jre/jdk/Contents/Home/jre/lib/ext/cldrdata.jar!/" />
            <root type="simple" url="jar://$APPLICATION_HOME_DIR$/jre/jdk/Contents/Home/jre/lib/ext/dnsns.jar!/" />
            <root type="simple" url="jar://$APPLICATION_HOME_DIR$/jre/jdk/Contents/Home/jre/lib/ext/jaccess.jar!/" />
            <root type="simple" url="jar://$APPLICATION_HOME_DIR$/jre/jdk/Contents/Home/jre/lib/ext/localedata.jar!/" />
            <root type="simple" url="jar://$APPLICATION_HOME_DIR$/jre/jdk/Contents/Home/jre/lib/ext/nashorn.jar!/" />
            <root type="simple" url="jar://$APPLICATION_HOME_DIR$/jre/jdk/Contents/Home/jre/lib/ext/sunec.jar!/" />
            <root type="simple" url="jar://$APPLICATION_HOME_DIR$/jre/jdk/Contents/Home/jre/lib/ext/sunjce_provider.jar!/" />
            <root type="simple" url="jar://$APPLICATION_HOME_DIR$/jre/jdk/Contents/Home/jre/lib/ext/sunpkcs11.jar!/" />
            <root type="simple" url="jar://$APPLICATION_HOME_DIR$/jre/jdk/Contents/Home/jre/lib/ext/zipfs.jar!/" />
            <root type="simple" url="jar://$APPLICATION_HOME_DIR$/jre/jdk/Contents/Home/jre/lib/jce.jar!/" />
            <root type="simple" url="jar://$APPLICATION_HOME_DIR$/jre/jdk/Contents/Home/jre/lib/jsse.jar!/" />
            <root type="simple" url="jar://$APPLICATION_HOME_DIR$/jre/jdk/Contents/Home/jre/lib/management-agent.jar!/" />
            <root type="simple" url="jar://$APPLICATION_HOME_DIR$/jre/jdk/Contents/Home/jre/lib/resources.jar!/" />
            <root type="simple" url="jar://$APPLICATION_HOME_DIR$/jre/jdk/Contents/Home/jre/lib/rt.jar!/" />
            <root type="simple" url="jar://$APPLICATION_HOME_DIR$/jre/jdk/Contents/Home/lib/dt.jar!/" />
            <root type="simple" url="jar://$APPLICATION_HOME_DIR$/jre/jdk/Contents/Home/lib/jconsole.jar!/" />
            <root type="simple" url="jar://$APPLICATION_HOME_DIR$/jre/jdk/Contents/Home/lib/sa-jdi.jar!/" />
            <root type="simple" url="jar://$APPLICATION_HOME_DIR$/jre/jdk/Contents/Home/lib/tools.jar!/" />
          </root>
        </classPath>
        <javadocPath>
          <root type="composite">
            <root type="simple" url="http://docs.oracle.com/javase/8/docs/api" />
          </root>
        </javadocPath>
        <sourcePath>
          <root type="composite" />
        </sourcePath>
      </roots>
      <additional />
    </jdk>
    <jdk version="2">
      <name value="1.8 (4)" />
      <type value="JavaSDK" />
      <version value="java version &quot;1.8.0_112-release&quot;" />
      <homePath value="$APPLICATION_HOME_DIR$/jre/jdk/Contents/Home" />
      <roots>
        <annotationsPath>
          <root type="composite">
            <root type="simple" url="jar://$APPLICATION_HOME_DIR$/lib/jdkAnnotations.jar!/" />
          </root>
        </annotationsPath>
        <classPath>
          <root type="composite">
            <root type="simple" url="jar://$APPLICATION_HOME_DIR$/jre/jdk/Contents/Home/jre/lib/charsets.jar!/" />
            <root type="simple" url="jar://$APPLICATION_HOME_DIR$/jre/jdk/Contents/Home/jre/lib/ext/cldrdata.jar!/" />
            <root type="simple" url="jar://$APPLICATION_HOME_DIR$/jre/jdk/Contents/Home/jre/lib/ext/dnsns.jar!/" />
            <root type="simple" url="jar://$APPLICATION_HOME_DIR$/jre/jdk/Contents/Home/jre/lib/ext/jaccess.jar!/" />
            <root type="simple" url="jar://$APPLICATION_HOME_DIR$/jre/jdk/Contents/Home/jre/lib/ext/localedata.jar!/" />
            <root type="simple" url="jar://$APPLICATION_HOME_DIR$/jre/jdk/Contents/Home/jre/lib/ext/nashorn.jar!/" />
            <root type="simple" url="jar://$APPLICATION_HOME_DIR$/jre/jdk/Contents/Home/jre/lib/ext/sunec.jar!/" />
            <root type="simple" url="jar://$APPLICATION_HOME_DIR$/jre/jdk/Contents/Home/jre/lib/ext/sunjce_provider.jar!/" />
            <root type="simple" url="jar://$APPLICATION_HOME_DIR$/jre/jdk/Contents/Home/jre/lib/ext/sunpkcs11.jar!/" />
            <root type="simple" url="jar://$APPLICATION_HOME_DIR$/jre/jdk/Contents/Home/jre/lib/ext/zipfs.jar!/" />
            <root type="simple" url="jar://$APPLICATION_HOME_DIR$/jre/jdk/Contents/Home/jre/lib/jce.jar!/" />
            <root type="simple" url="jar://$APPLICATION_HOME_DIR$/jre/jdk/Contents/Home/jre/lib/jsse.jar!/" />
            <root type="simple" url="jar://$APPLICATION_HOME_DIR$/jre/jdk/Contents/Home/jre/lib/management-agent.jar!/" />
            <root type="simple" url="jar://$APPLICATION_HOME_DIR$/jre/jdk/Contents/Home/jre/lib/resources.jar!/" />
            <root type="simple" url="jar://$APPLICATION_HOME_DIR$/jre/jdk/Contents/Home/jre/lib/rt.jar!/" />
            <root type="simple" url="jar://$APPLICATION_HOME_DIR$/jre/jdk/Contents/Home/lib/dt.jar!/" />
            <root type="simple" url="jar://$APPLICATION_HOME_DIR$/jre/jdk/Contents/Home/lib/jconsole.jar!/" />
            <root type="simple" url="jar://$APPLICATION_HOME_DIR$/jre/jdk/Contents/Home/lib/sa-jdi.jar!/" />
            <root type="simple" url="jar://$APPLICATION_HOME_DIR$/jre/jdk/Contents/Home/lib/tools.jar!/" />
          </root>
        </classPath>
        <javadocPath>
          <root type="composite">
            <root type="simple" url="http://docs.oracle.com/javase/8/docs/api" />
          </root>
        </javadocPath>
        <sourcePath>
          <root type="composite" />
        </sourcePath>
      </roots>
      <additional />
    </jdk>
    <jdk version="2">
      <name value="1.8 (5)" />
      <type value="JavaSDK" />
      <version value="java version &quot;1.8.0_112-release&quot;" />
      <homePath value="$APPLICATION_HOME_DIR$/jre/jdk/Contents/Home" />
      <roots>
        <annotationsPath>
          <root type="composite">
            <root type="simple" url="jar://$APPLICATION_HOME_DIR$/lib/jdkAnnotations.jar!/" />
          </root>
        </annotationsPath>
        <classPath>
          <root type="composite">
            <root type="simple" url="jar://$APPLICATION_HOME_DIR$/jre/jdk/Contents/Home/jre/lib/charsets.jar!/" />
            <root type="simple" url="jar://$APPLICATION_HOME_DIR$/jre/jdk/Contents/Home/jre/lib/ext/cldrdata.jar!/" />
            <root type="simple" url="jar://$APPLICATION_HOME_DIR$/jre/jdk/Contents/Home/jre/lib/ext/dnsns.jar!/" />
            <root type="simple" url="jar://$APPLICATION_HOME_DIR$/jre/jdk/Contents/Home/jre/lib/ext/jaccess.jar!/" />
            <root type="simple" url="jar://$APPLICATION_HOME_DIR$/jre/jdk/Contents/Home/jre/lib/ext/localedata.jar!/" />
            <root type="simple" url="jar://$APPLICATION_HOME_DIR$/jre/jdk/Contents/Home/jre/lib/ext/nashorn.jar!/" />
            <root type="simple" url="jar://$APPLICATION_HOME_DIR$/jre/jdk/Contents/Home/jre/lib/ext/sunec.jar!/" />
            <root type="simple" url="jar://$APPLICATION_HOME_DIR$/jre/jdk/Contents/Home/jre/lib/ext/sunjce_provider.jar!/" />
            <root type="simple" url="jar://$APPLICATION_HOME_DIR$/jre/jdk/Contents/Home/jre/lib/ext/sunpkcs11.jar!/" />
            <root type="simple" url="jar://$APPLICATION_HOME_DIR$/jre/jdk/Contents/Home/jre/lib/ext/zipfs.jar!/" />
            <root type="simple" url="jar://$APPLICATION_HOME_DIR$/jre/jdk/Contents/Home/jre/lib/jce.jar!/" />
            <root type="simple" url="jar://$APPLICATION_HOME_DIR$/jre/jdk/Contents/Home/jre/lib/jsse.jar!/" />
            <root type="simple" url="jar://$APPLICATION_HOME_DIR$/jre/jdk/Contents/Home/jre/lib/management-agent.jar!/" />
            <root type="simple" url="jar://$APPLICATION_HOME_DIR$/jre/jdk/Contents/Home/jre/lib/resources.jar!/" />
            <root type="simple" url="jar://$APPLICATION_HOME_DIR$/jre/jdk/Contents/Home/jre/lib/rt.jar!/" />
            <root type="simple" url="jar://$APPLICATION_HOME_DIR$/jre/jdk/Contents/Home/lib/dt.jar!/" />
            <root type="simple" url="jar://$APPLICATION_HOME_DIR$/jre/jdk/Contents/Home/lib/jconsole.jar!/" />
            <root type="simple" url="jar://$APPLICATION_HOME_DIR$/jre/jdk/Contents/Home/lib/sa-jdi.jar!/" />
            <root type="simple" url="jar://$APPLICATION_HOME_DIR$/jre/jdk/Contents/Home/lib/tools.jar!/" />
          </root>
        </classPath>
        <javadocPath>
          <root type="composite">
            <root type="simple" url="http://docs.oracle.com/javase/8/docs/api" />
          </root>
        </javadocPath>
        <sourcePath>
          <root type="composite" />
        </sourcePath>
      </roots>
      <additional />
    </jdk>
    <jdk version="2">
      <name value="1.8 (6)" />
      <type value="JavaSDK" />
      <version value="java version &quot;1.8.0_112-release&quot;" />
      <homePath value="$APPLICATION_HOME_DIR$/jre/jdk/Contents/Home" />
      <roots>
        <annotationsPath>
          <root type="composite">
            <root type="simple" url="jar://$APPLICATION_HOME_DIR$/lib/jdkAnnotations.jar!/" />
          </root>
        </annotationsPath>
        <classPath>
          <root type="composite">
            <root type="simple" url="jar://$APPLICATION_HOME_DIR$/jre/jdk/Contents/Home/jre/lib/charsets.jar!/" />
            <root type="simple" url="jar://$APPLICATION_HOME_DIR$/jre/jdk/Contents/Home/jre/lib/ext/cldrdata.jar!/" />
            <root type="simple" url="jar://$APPLICATION_HOME_DIR$/jre/jdk/Contents/Home/jre/lib/ext/dnsns.jar!/" />
            <root type="simple" url="jar://$APPLICATION_HOME_DIR$/jre/jdk/Contents/Home/jre/lib/ext/jaccess.jar!/" />
            <root type="simple" url="jar://$APPLICATION_HOME_DIR$/jre/jdk/Contents/Home/jre/lib/ext/localedata.jar!/" />
            <root type="simple" url="jar://$APPLICATION_HOME_DIR$/jre/jdk/Contents/Home/jre/lib/ext/nashorn.jar!/" />
            <root type="simple" url="jar://$APPLICATION_HOME_DIR$/jre/jdk/Contents/Home/jre/lib/ext/sunec.jar!/" />
            <root type="simple" url="jar://$APPLICATION_HOME_DIR$/jre/jdk/Contents/Home/jre/lib/ext/sunjce_provider.jar!/" />
            <root type="simple" url="jar://$APPLICATION_HOME_DIR$/jre/jdk/Contents/Home/jre/lib/ext/sunpkcs11.jar!/" />
            <root type="simple" url="jar://$APPLICATION_HOME_DIR$/jre/jdk/Contents/Home/jre/lib/ext/zipfs.jar!/" />
            <root type="simple" url="jar://$APPLICATION_HOME_DIR$/jre/jdk/Contents/Home/jre/lib/jce.jar!/" />
            <root type="simple" url="jar://$APPLICATION_HOME_DIR$/jre/jdk/Contents/Home/jre/lib/jsse.jar!/" />
            <root type="simple" url="jar://$APPLICATION_HOME_DIR$/jre/jdk/Contents/Home/jre/lib/management-agent.jar!/" />
            <root type="simple" url="jar://$APPLICATION_HOME_DIR$/jre/jdk/Contents/Home/jre/lib/resources.jar!/" />
            <root type="simple" url="jar://$APPLICATION_HOME_DIR$/jre/jdk/Contents/Home/jre/lib/rt.jar!/" />
            <root type="simple" url="jar://$APPLICATION_HOME_DIR$/jre/jdk/Contents/Home/lib/dt.jar!/" />
            <root type="simple" url="jar://$APPLICATION_HOME_DIR$/jre/jdk/Contents/Home/lib/jconsole.jar!/" />
            <root type="simple" url="jar://$APPLICATION_HOME_DIR$/jre/jdk/Contents/Home/lib/sa-jdi.jar!/" />
            <root type="simple" url="jar://$APPLICATION_HOME_DIR$/jre/jdk/Contents/Home/lib/tools.jar!/" />
          </root>
        </classPath>
        <javadocPath>
          <root type="composite">
            <root type="simple" url="http://docs.oracle.com/javase/8/docs/api" />
          </root>
        </javadocPath>
        <sourcePath>
          <root type="composite" />
        </sourcePath>
      </roots>
      <additional />
    </jdk>
    <jdk version="2">
      <name value="1.8 (7)" />
      <type value="JavaSDK" />
      <version value="java version &quot;1.8.0_112-release&quot;" />
      <homePath value="$APPLICATION_HOME_DIR$/jre/jdk/Contents/Home" />
      <roots>
        <annotationsPath>
          <root type="composite">
            <root type="simple" url="jar://$APPLICATION_HOME_DIR$/lib/jdkAnnotations.jar!/" />
          </root>
        </annotationsPath>
        <classPath>
          <root type="composite">
            <root type="simple" url="jar://$APPLICATION_HOME_DIR$/jre/jdk/Contents/Home/jre/lib/charsets.jar!/" />
            <root type="simple" url="jar://$APPLICATION_HOME_DIR$/jre/jdk/Contents/Home/jre/lib/ext/cldrdata.jar!/" />
            <root type="simple" url="jar://$APPLICATION_HOME_DIR$/jre/jdk/Contents/Home/jre/lib/ext/dnsns.jar!/" />
            <root type="simple" url="jar://$APPLICATION_HOME_DIR$/jre/jdk/Contents/Home/jre/lib/ext/jaccess.jar!/" />
            <root type="simple" url="jar://$APPLICATION_HOME_DIR$/jre/jdk/Contents/Home/jre/lib/ext/localedata.jar!/" />
            <root type="simple" url="jar://$APPLICATION_HOME_DIR$/jre/jdk/Contents/Home/jre/lib/ext/nashorn.jar!/" />
            <root type="simple" url="jar://$APPLICATION_HOME_DIR$/jre/jdk/Contents/Home/jre/lib/ext/sunec.jar!/" />
            <root type="simple" url="jar://$APPLICATION_HOME_DIR$/jre/jdk/Contents/Home/jre/lib/ext/sunjce_provider.jar!/" />
            <root type="simple" url="jar://$APPLICATION_HOME_DIR$/jre/jdk/Contents/Home/jre/lib/ext/sunpkcs11.jar!/" />
            <root type="simple" url="jar://$APPLICATION_HOME_DIR$/jre/jdk/Contents/Home/jre/lib/ext/zipfs.jar!/" />
            <root type="simple" url="jar://$APPLICATION_HOME_DIR$/jre/jdk/Contents/Home/jre/lib/jce.jar!/" />
            <root type="simple" url="jar://$APPLICATION_HOME_DIR$/jre/jdk/Contents/Home/jre/lib/jsse.jar!/" />
            <root type="simple" url="jar://$APPLICATION_HOME_DIR$/jre/jdk/Contents/Home/jre/lib/management-agent.jar!/" />
            <root type="simple" url="jar://$APPLICATION_HOME_DIR$/jre/jdk/Contents/Home/jre/lib/resources.jar!/" />
            <root type="simple" url="jar://$APPLICATION_HOME_DIR$/jre/jdk/Contents/Home/jre/lib/rt.jar!/" />
            <root type="simple" url="jar://$APPLICATION_HOME_DIR$/jre/jdk/Contents/Home/lib/dt.jar!/" />
            <root type="simple" url="jar://$APPLICATION_HOME_DIR$/jre/jdk/Contents/Home/lib/jconsole.jar!/" />
            <root type="simple" url="jar://$APPLICATION_HOME_DIR$/jre/jdk/Contents/Home/lib/sa-jdi.jar!/" />
            <root type="simple" url="jar://$APPLICATION_HOME_DIR$/jre/jdk/Contents/Home/lib/tools.jar!/" />
          </root>
        </classPath>
        <javadocPath>
          <root type="composite">
            <root type="simple" url="http://docs.oracle.com/javase/8/docs/api" />
          </root>
        </javadocPath>
        <sourcePath>
          <root type="composite" />
        </sourcePath>
      </roots>
      <additional />
    </jdk>
    <jdk version="2">
      <name value="1.8 (8)" />
      <type value="JavaSDK" />
      <version value="java version &quot;1.8.0_112-release&quot;" />
      <homePath value="$APPLICATION_HOME_DIR$/jre/jdk/Contents/Home" />
      <roots>
        <annotationsPath>
          <root type="composite">
            <root type="simple" url="jar://$APPLICATION_HOME_DIR$/lib/jdkAnnotations.jar!/" />
          </root>
        </annotationsPath>
        <classPath>
          <root type="composite">
            <root type="simple" url="jar://$APPLICATION_HOME_DIR$/jre/jdk/Contents/Home/jre/lib/charsets.jar!/" />
            <root type="simple" url="jar://$APPLICATION_HOME_DIR$/jre/jdk/Contents/Home/jre/lib/ext/cldrdata.jar!/" />
            <root type="simple" url="jar://$APPLICATION_HOME_DIR$/jre/jdk/Contents/Home/jre/lib/ext/dnsns.jar!/" />
            <root type="simple" url="jar://$APPLICATION_HOME_DIR$/jre/jdk/Contents/Home/jre/lib/ext/jaccess.jar!/" />
            <root type="simple" url="jar://$APPLICATION_HOME_DIR$/jre/jdk/Contents/Home/jre/lib/ext/localedata.jar!/" />
            <root type="simple" url="jar://$APPLICATION_HOME_DIR$/jre/jdk/Contents/Home/jre/lib/ext/nashorn.jar!/" />
            <root type="simple" url="jar://$APPLICATION_HOME_DIR$/jre/jdk/Contents/Home/jre/lib/ext/sunec.jar!/" />
            <root type="simple" url="jar://$APPLICATION_HOME_DIR$/jre/jdk/Contents/Home/jre/lib/ext/sunjce_provider.jar!/" />
            <root type="simple" url="jar://$APPLICATION_HOME_DIR$/jre/jdk/Contents/Home/jre/lib/ext/sunpkcs11.jar!/" />
            <root type="simple" url="jar://$APPLICATION_HOME_DIR$/jre/jdk/Contents/Home/jre/lib/ext/zipfs.jar!/" />
            <root type="simple" url="jar://$APPLICATION_HOME_DIR$/jre/jdk/Contents/Home/jre/lib/jce.jar!/" />
            <root type="simple" url="jar://$APPLICATION_HOME_DIR$/jre/jdk/Contents/Home/jre/lib/jsse.jar!/" />
            <root type="simple" url="jar://$APPLICATION_HOME_DIR$/jre/jdk/Contents/Home/jre/lib/management-agent.jar!/" />
            <root type="simple" url="jar://$APPLICATION_HOME_DIR$/jre/jdk/Contents/Home/jre/lib/resources.jar!/" />
            <root type="simple" url="jar://$APPLICATION_HOME_DIR$/jre/jdk/Contents/Home/jre/lib/rt.jar!/" />
            <root type="simple" url="jar://$APPLICATION_HOME_DIR$/jre/jdk/Contents/Home/lib/dt.jar!/" />
            <root type="simple" url="jar://$APPLICATION_HOME_DIR$/jre/jdk/Contents/Home/lib/jconsole.jar!/" />
            <root type="simple" url="jar://$APPLICATION_HOME_DIR$/jre/jdk/Contents/Home/lib/sa-jdi.jar!/" />
            <root type="simple" url="jar://$APPLICATION_HOME_DIR$/jre/jdk/Contents/Home/lib/tools.jar!/" />
          </root>
        </classPath>
        <javadocPath>
          <root type="composite">
            <root type="simple" url="http://docs.oracle.com/javase/8/docs/api" />
          </root>
        </javadocPath>
        <sourcePath>
          <root type="composite" />
        </sourcePath>
      </roots>
      <additional />
    </jdk>
    <jdk version="2">
      <name value="1.8 (9)" />
      <type value="JavaSDK" />
      <version value="java version &quot;1.8.0_112-release&quot;" />
      <homePath value="$APPLICATION_HOME_DIR$/jre/jdk/Contents/Home" />
      <roots>
        <annotationsPath>
          <root type="composite">
            <root type="simple" url="jar://$APPLICATION_HOME_DIR$/lib/jdkAnnotations.jar!/" />
          </root>
        </annotationsPath>
        <classPath>
          <root type="composite">
            <root type="simple" url="jar://$APPLICATION_HOME_DIR$/jre/jdk/Contents/Home/jre/lib/charsets.jar!/" />
            <root type="simple" url="jar://$APPLICATION_HOME_DIR$/jre/jdk/Contents/Home/jre/lib/ext/cldrdata.jar!/" />
            <root type="simple" url="jar://$APPLICATION_HOME_DIR$/jre/jdk/Contents/Home/jre/lib/ext/dnsns.jar!/" />
            <root type="simple" url="jar://$APPLICATION_HOME_DIR$/jre/jdk/Contents/Home/jre/lib/ext/jaccess.jar!/" />
            <root type="simple" url="jar://$APPLICATION_HOME_DIR$/jre/jdk/Contents/Home/jre/lib/ext/localedata.jar!/" />
            <root type="simple" url="jar://$APPLICATION_HOME_DIR$/jre/jdk/Contents/Home/jre/lib/ext/nashorn.jar!/" />
            <root type="simple" url="jar://$APPLICATION_HOME_DIR$/jre/jdk/Contents/Home/jre/lib/ext/sunec.jar!/" />
            <root type="simple" url="jar://$APPLICATION_HOME_DIR$/jre/jdk/Contents/Home/jre/lib/ext/sunjce_provider.jar!/" />
            <root type="simple" url="jar://$APPLICATION_HOME_DIR$/jre/jdk/Contents/Home/jre/lib/ext/sunpkcs11.jar!/" />
            <root type="simple" url="jar://$APPLICATION_HOME_DIR$/jre/jdk/Contents/Home/jre/lib/ext/zipfs.jar!/" />
            <root type="simple" url="jar://$APPLICATION_HOME_DIR$/jre/jdk/Contents/Home/jre/lib/jce.jar!/" />
            <root type="simple" url="jar://$APPLICATION_HOME_DIR$/jre/jdk/Contents/Home/jre/lib/jsse.jar!/" />
            <root type="simple" url="jar://$APPLICATION_HOME_DIR$/jre/jdk/Contents/Home/jre/lib/management-agent.jar!/" />
            <root type="simple" url="jar://$APPLICATION_HOME_DIR$/jre/jdk/Contents/Home/jre/lib/resources.jar!/" />
            <root type="simple" url="jar://$APPLICATION_HOME_DIR$/jre/jdk/Contents/Home/jre/lib/rt.jar!/" />
            <root type="simple" url="jar://$APPLICATION_HOME_DIR$/jre/jdk/Contents/Home/lib/dt.jar!/" />
            <root type="simple" url="jar://$APPLICATION_HOME_DIR$/jre/jdk/Contents/Home/lib/jconsole.jar!/" />
            <root type="simple" url="jar://$APPLICATION_HOME_DIR$/jre/jdk/Contents/Home/lib/sa-jdi.jar!/" />
            <root type="simple" url="jar://$APPLICATION_HOME_DIR$/jre/jdk/Contents/Home/lib/tools.jar!/" />
          </root>
        </classPath>
        <javadocPath>
          <root type="composite">
            <root type="simple" url="http://docs.oracle.com/javase/8/docs/api" />
          </root>
        </javadocPath>
        <sourcePath>
          <root type="composite" />
        </sourcePath>
      </roots>
      <additional />
    </jdk>
    <jdk version="2">
      <name value="1.8 (10)" />
      <type value="JavaSDK" />
      <version value="java version &quot;1.8.0_112-release&quot;" />
      <homePath value="$APPLICATION_HOME_DIR$/jre/jdk/Contents/Home" />
      <roots>
        <annotationsPath>
          <root type="composite">
            <root type="simple" url="jar://$APPLICATION_HOME_DIR$/lib/jdkAnnotations.jar!/" />
          </root>
        </annotationsPath>
        <classPath>
          <root type="composite">
            <root type="simple" url="jar://$APPLICATION_HOME_DIR$/jre/jdk/Contents/Home/jre/lib/charsets.jar!/" />
            <root type="simple" url="jar://$APPLICATION_HOME_DIR$/jre/jdk/Contents/Home/jre/lib/ext/cldrdata.jar!/" />
            <root type="simple" url="jar://$APPLICATION_HOME_DIR$/jre/jdk/Contents/Home/jre/lib/ext/dnsns.jar!/" />
            <root type="simple" url="jar://$APPLICATION_HOME_DIR$/jre/jdk/Contents/Home/jre/lib/ext/jaccess.jar!/" />
            <root type="simple" url="jar://$APPLICATION_HOME_DIR$/jre/jdk/Contents/Home/jre/lib/ext/localedata.jar!/" />
            <root type="simple" url="jar://$APPLICATION_HOME_DIR$/jre/jdk/Contents/Home/jre/lib/ext/nashorn.jar!/" />
            <root type="simple" url="jar://$APPLICATION_HOME_DIR$/jre/jdk/Contents/Home/jre/lib/ext/sunec.jar!/" />
            <root type="simple" url="jar://$APPLICATION_HOME_DIR$/jre/jdk/Contents/Home/jre/lib/ext/sunjce_provider.jar!/" />
            <root type="simple" url="jar://$APPLICATION_HOME_DIR$/jre/jdk/Contents/Home/jre/lib/ext/sunpkcs11.jar!/" />
            <root type="simple" url="jar://$APPLICATION_HOME_DIR$/jre/jdk/Contents/Home/jre/lib/ext/zipfs.jar!/" />
            <root type="simple" url="jar://$APPLICATION_HOME_DIR$/jre/jdk/Contents/Home/jre/lib/jce.jar!/" />
            <root type="simple" url="jar://$APPLICATION_HOME_DIR$/jre/jdk/Contents/Home/jre/lib/jsse.jar!/" />
            <root type="simple" url="jar://$APPLICATION_HOME_DIR$/jre/jdk/Contents/Home/jre/lib/management-agent.jar!/" />
            <root type="simple" url="jar://$APPLICATION_HOME_DIR$/jre/jdk/Contents/Home/jre/lib/resources.jar!/" />
            <root type="simple" url="jar://$APPLICATION_HOME_DIR$/jre/jdk/Contents/Home/jre/lib/rt.jar!/" />
            <root type="simple" url="jar://$APPLICATION_HOME_DIR$/jre/jdk/Contents/Home/lib/dt.jar!/" />
            <root type="simple" url="jar://$APPLICATION_HOME_DIR$/jre/jdk/Contents/Home/lib/jconsole.jar!/" />
            <root type="simple" url="jar://$APPLICATION_HOME_DIR$/jre/jdk/Contents/Home/lib/sa-jdi.jar!/" />
            <root type="simple" url="jar://$APPLICATION_HOME_DIR$/jre/jdk/Contents/Home/lib/tools.jar!/" />
          </root>
        </classPath>
        <javadocPath>
          <root type="composite">
            <root type="simple" url="http://docs.oracle.com/javase/8/docs/api" />
          </root>
        </javadocPath>
        <sourcePath>
          <root type="composite" />
        </sourcePath>
      </roots>
      <additional />
    </jdk>
    <jdk version="2">
      <name value="1.8 (11)" />
      <type value="JavaSDK" />
      <version value="java version &quot;1.8.0_112-release&quot;" />
      <homePath value="$APPLICATION_HOME_DIR$/jre/jdk/Contents/Home" />
      <roots>
        <annotationsPath>
          <root type="composite">
            <root type="simple" url="jar://$APPLICATION_HOME_DIR$/lib/jdkAnnotations.jar!/" />
          </root>
        </annotationsPath>
        <classPath>
          <root type="composite">
            <root type="simple" url="jar://$APPLICATION_HOME_DIR$/jre/jdk/Contents/Home/jre/lib/charsets.jar!/" />
            <root type="simple" url="jar://$APPLICATION_HOME_DIR$/jre/jdk/Contents/Home/jre/lib/ext/cldrdata.jar!/" />
            <root type="simple" url="jar://$APPLICATION_HOME_DIR$/jre/jdk/Contents/Home/jre/lib/ext/dnsns.jar!/" />
            <root type="simple" url="jar://$APPLICATION_HOME_DIR$/jre/jdk/Contents/Home/jre/lib/ext/jaccess.jar!/" />
            <root type="simple" url="jar://$APPLICATION_HOME_DIR$/jre/jdk/Contents/Home/jre/lib/ext/localedata.jar!/" />
            <root type="simple" url="jar://$APPLICATION_HOME_DIR$/jre/jdk/Contents/Home/jre/lib/ext/nashorn.jar!/" />
            <root type="simple" url="jar://$APPLICATION_HOME_DIR$/jre/jdk/Contents/Home/jre/lib/ext/sunec.jar!/" />
            <root type="simple" url="jar://$APPLICATION_HOME_DIR$/jre/jdk/Contents/Home/jre/lib/ext/sunjce_provider.jar!/" />
            <root type="simple" url="jar://$APPLICATION_HOME_DIR$/jre/jdk/Contents/Home/jre/lib/ext/sunpkcs11.jar!/" />
            <root type="simple" url="jar://$APPLICATION_HOME_DIR$/jre/jdk/Contents/Home/jre/lib/ext/zipfs.jar!/" />
            <root type="simple" url="jar://$APPLICATION_HOME_DIR$/jre/jdk/Contents/Home/jre/lib/jce.jar!/" />
            <root type="simple" url="jar://$APPLICATION_HOME_DIR$/jre/jdk/Contents/Home/jre/lib/jsse.jar!/" />
            <root type="simple" url="jar://$APPLICATION_HOME_DIR$/jre/jdk/Contents/Home/jre/lib/management-agent.jar!/" />
            <root type="simple" url="jar://$APPLICATION_HOME_DIR$/jre/jdk/Contents/Home/jre/lib/resources.jar!/" />
            <root type="simple" url="jar://$APPLICATION_HOME_DIR$/jre/jdk/Contents/Home/jre/lib/rt.jar!/" />
            <root type="simple" url="jar://$APPLICATION_HOME_DIR$/jre/jdk/Contents/Home/lib/dt.jar!/" />
            <root type="simple" url="jar://$APPLICATION_HOME_DIR$/jre/jdk/Contents/Home/lib/jconsole.jar!/" />
            <root type="simple" url="jar://$APPLICATION_HOME_DIR$/jre/jdk/Contents/Home/lib/sa-jdi.jar!/" />
            <root type="simple" url="jar://$APPLICATION_HOME_DIR$/jre/jdk/Contents/Home/lib/tools.jar!/" />
          </root>
        </classPath>
        <javadocPath>
          <root type="composite">
            <root type="simple" url="http://docs.oracle.com/javase/8/docs/api" />
          </root>
        </javadocPath>
        <sourcePath>
          <root type="composite" />
        </sourcePath>
      </roots>
      <additional />
    </jdk>
    <jdk version="2">
      <name value="1.8 (12)" />
      <type value="JavaSDK" />
      <version value="java version &quot;1.8.0_112-release&quot;" />
      <homePath value="$APPLICATION_HOME_DIR$/jre/jdk/Contents/Home" />
      <roots>
        <annotationsPath>
          <root type="composite">
            <root type="simple" url="jar://$APPLICATION_HOME_DIR$/lib/jdkAnnotations.jar!/" />
          </root>
        </annotationsPath>
        <classPath>
          <root type="composite">
            <root type="simple" url="jar://$APPLICATION_HOME_DIR$/jre/jdk/Contents/Home/jre/lib/charsets.jar!/" />
            <root type="simple" url="jar://$APPLICATION_HOME_DIR$/jre/jdk/Contents/Home/jre/lib/ext/cldrdata.jar!/" />
            <root type="simple" url="jar://$APPLICATION_HOME_DIR$/jre/jdk/Contents/Home/jre/lib/ext/dnsns.jar!/" />
            <root type="simple" url="jar://$APPLICATION_HOME_DIR$/jre/jdk/Contents/Home/jre/lib/ext/jaccess.jar!/" />
            <root type="simple" url="jar://$APPLICATION_HOME_DIR$/jre/jdk/Contents/Home/jre/lib/ext/localedata.jar!/" />
            <root type="simple" url="jar://$APPLICATION_HOME_DIR$/jre/jdk/Contents/Home/jre/lib/ext/nashorn.jar!/" />
            <root type="simple" url="jar://$APPLICATION_HOME_DIR$/jre/jdk/Contents/Home/jre/lib/ext/sunec.jar!/" />
            <root type="simple" url="jar://$APPLICATION_HOME_DIR$/jre/jdk/Contents/Home/jre/lib/ext/sunjce_provider.jar!/" />
            <root type="simple" url="jar://$APPLICATION_HOME_DIR$/jre/jdk/Contents/Home/jre/lib/ext/sunpkcs11.jar!/" />
            <root type="simple" url="jar://$APPLICATION_HOME_DIR$/jre/jdk/Contents/Home/jre/lib/ext/zipfs.jar!/" />
            <root type="simple" url="jar://$APPLICATION_HOME_DIR$/jre/jdk/Contents/Home/jre/lib/jce.jar!/" />
            <root type="simple" url="jar://$APPLICATION_HOME_DIR$/jre/jdk/Contents/Home/jre/lib/jsse.jar!/" />
            <root type="simple" url="jar://$APPLICATION_HOME_DIR$/jre/jdk/Contents/Home/jre/lib/management-agent.jar!/" />
            <root type="simple" url="jar://$APPLICATION_HOME_DIR$/jre/jdk/Contents/Home/jre/lib/resources.jar!/" />
            <root type="simple" url="jar://$APPLICATION_HOME_DIR$/jre/jdk/Contents/Home/jre/lib/rt.jar!/" />
            <root type="simple" url="jar://$APPLICATION_HOME_DIR$/jre/jdk/Contents/Home/lib/dt.jar!/" />
            <root type="simple" url="jar://$APPLICATION_HOME_DIR$/jre/jdk/Contents/Home/lib/jconsole.jar!/" />
            <root type="simple" url="jar://$APPLICATION_HOME_DIR$/jre/jdk/Contents/Home/lib/sa-jdi.jar!/" />
            <root type="simple" url="jar://$APPLICATION_HOME_DIR$/jre/jdk/Contents/Home/lib/tools.jar!/" />
          </root>
        </classPath>
        <javadocPath>
          <root type="composite">
            <root type="simple" url="http://docs.oracle.com/javase/8/docs/api" />
          </root>
        </javadocPath>
        <sourcePath>
          <root type="composite" />
        </sourcePath>
      </roots>
      <additional />
    </jdk>
    <jdk version="2">
      <name value="1.8 (13)" />
      <type value="JavaSDK" />
      <version value="java version &quot;1.8.0_112-release&quot;" />
      <homePath value="$APPLICATION_HOME_DIR$/jre/jdk/Contents/Home" />
      <roots>
        <annotationsPath>
          <root type="composite">
            <root type="simple" url="jar://$APPLICATION_HOME_DIR$/lib/jdkAnnotations.jar!/" />
          </root>
        </annotationsPath>
        <classPath>
          <root type="composite">
            <root type="simple" url="jar://$APPLICATION_HOME_DIR$/jre/jdk/Contents/Home/jre/lib/charsets.jar!/" />
            <root type="simple" url="jar://$APPLICATION_HOME_DIR$/jre/jdk/Contents/Home/jre/lib/ext/cldrdata.jar!/" />
            <root type="simple" url="jar://$APPLICATION_HOME_DIR$/jre/jdk/Contents/Home/jre/lib/ext/dnsns.jar!/" />
            <root type="simple" url="jar://$APPLICATION_HOME_DIR$/jre/jdk/Contents/Home/jre/lib/ext/jaccess.jar!/" />
            <root type="simple" url="jar://$APPLICATION_HOME_DIR$/jre/jdk/Contents/Home/jre/lib/ext/localedata.jar!/" />
            <root type="simple" url="jar://$APPLICATION_HOME_DIR$/jre/jdk/Contents/Home/jre/lib/ext/nashorn.jar!/" />
            <root type="simple" url="jar://$APPLICATION_HOME_DIR$/jre/jdk/Contents/Home/jre/lib/ext/sunec.jar!/" />
            <root type="simple" url="jar://$APPLICATION_HOME_DIR$/jre/jdk/Contents/Home/jre/lib/ext/sunjce_provider.jar!/" />
            <root type="simple" url="jar://$APPLICATION_HOME_DIR$/jre/jdk/Contents/Home/jre/lib/ext/sunpkcs11.jar!/" />
            <root type="simple" url="jar://$APPLICATION_HOME_DIR$/jre/jdk/Contents/Home/jre/lib/ext/zipfs.jar!/" />
            <root type="simple" url="jar://$APPLICATION_HOME_DIR$/jre/jdk/Contents/Home/jre/lib/jce.jar!/" />
            <root type="simple" url="jar://$APPLICATION_HOME_DIR$/jre/jdk/Contents/Home/jre/lib/jsse.jar!/" />
            <root type="simple" url="jar://$APPLICATION_HOME_DIR$/jre/jdk/Contents/Home/jre/lib/management-agent.jar!/" />
            <root type="simple" url="jar://$APPLICATION_HOME_DIR$/jre/jdk/Contents/Home/jre/lib/resources.jar!/" />
            <root type="simple" url="jar://$APPLICATION_HOME_DIR$/jre/jdk/Contents/Home/jre/lib/rt.jar!/" />
            <root type="simple" url="jar://$APPLICATION_HOME_DIR$/jre/jdk/Contents/Home/lib/dt.jar!/" />
            <root type="simple" url="jar://$APPLICATION_HOME_DIR$/jre/jdk/Contents/Home/lib/jconsole.jar!/" />
            <root type="simple" url="jar://$APPLICATION_HOME_DIR$/jre/jdk/Contents/Home/lib/sa-jdi.jar!/" />
            <root type="simple" url="jar://$APPLICATION_HOME_DIR$/jre/jdk/Contents/Home/lib/tools.jar!/" />
          </root>
        </classPath>
        <javadocPath>
          <root type="composite">
            <root type="simple" url="http://docs.oracle.com/javase/8/docs/api" />
          </root>
        </javadocPath>
        <sourcePath>
          <root type="composite" />
        </sourcePath>
      </roots>
      <additional />
    </jdk>
    <jdk version="2">
      <name value="1.8 (14)" />
      <type value="JavaSDK" />
      <version value="java version &quot;1.8.0_112-release&quot;" />
      <homePath value="$APPLICATION_HOME_DIR$/jre/jdk/Contents/Home" />
      <roots>
        <annotationsPath>
          <root type="composite">
            <root type="simple" url="jar://$APPLICATION_HOME_DIR$/lib/jdkAnnotations.jar!/" />
          </root>
        </annotationsPath>
        <classPath>
          <root type="composite">
            <root type="simple" url="jar://$APPLICATION_HOME_DIR$/jre/jdk/Contents/Home/jre/lib/charsets.jar!/" />
            <root type="simple" url="jar://$APPLICATION_HOME_DIR$/jre/jdk/Contents/Home/jre/lib/ext/cldrdata.jar!/" />
            <root type="simple" url="jar://$APPLICATION_HOME_DIR$/jre/jdk/Contents/Home/jre/lib/ext/dnsns.jar!/" />
            <root type="simple" url="jar://$APPLICATION_HOME_DIR$/jre/jdk/Contents/Home/jre/lib/ext/jaccess.jar!/" />
            <root type="simple" url="jar://$APPLICATION_HOME_DIR$/jre/jdk/Contents/Home/jre/lib/ext/localedata.jar!/" />
            <root type="simple" url="jar://$APPLICATION_HOME_DIR$/jre/jdk/Contents/Home/jre/lib/ext/nashorn.jar!/" />
            <root type="simple" url="jar://$APPLICATION_HOME_DIR$/jre/jdk/Contents/Home/jre/lib/ext/sunec.jar!/" />
            <root type="simple" url="jar://$APPLICATION_HOME_DIR$/jre/jdk/Contents/Home/jre/lib/ext/sunjce_provider.jar!/" />
            <root type="simple" url="jar://$APPLICATION_HOME_DIR$/jre/jdk/Contents/Home/jre/lib/ext/sunpkcs11.jar!/" />
            <root type="simple" url="jar://$APPLICATION_HOME_DIR$/jre/jdk/Contents/Home/jre/lib/ext/zipfs.jar!/" />
            <root type="simple" url="jar://$APPLICATION_HOME_DIR$/jre/jdk/Contents/Home/jre/lib/jce.jar!/" />
            <root type="simple" url="jar://$APPLICATION_HOME_DIR$/jre/jdk/Contents/Home/jre/lib/jsse.jar!/" />
            <root type="simple" url="jar://$APPLICATION_HOME_DIR$/jre/jdk/Contents/Home/jre/lib/management-agent.jar!/" />
            <root type="simple" url="jar://$APPLICATION_HOME_DIR$/jre/jdk/Contents/Home/jre/lib/resources.jar!/" />
            <root type="simple" url="jar://$APPLICATION_HOME_DIR$/jre/jdk/Contents/Home/jre/lib/rt.jar!/" />
            <root type="simple" url="jar://$APPLICATION_HOME_DIR$/jre/jdk/Contents/Home/lib/dt.jar!/" />
            <root type="simple" url="jar://$APPLICATION_HOME_DIR$/jre/jdk/Contents/Home/lib/jconsole.jar!/" />
            <root type="simple" url="jar://$APPLICATION_HOME_DIR$/jre/jdk/Contents/Home/lib/sa-jdi.jar!/" />
            <root type="simple" url="jar://$APPLICATION_HOME_DIR$/jre/jdk/Contents/Home/lib/tools.jar!/" />
          </root>
        </classPath>
        <javadocPath>
          <root type="composite">
            <root type="simple" url="http://docs.oracle.com/javase/8/docs/api" />
          </root>
        </javadocPath>
        <sourcePath>
          <root type="composite" />
        </sourcePath>
      </roots>
      <additional />
    </jdk>
    <jdk version="2">
      <name value="1.8 (15)" />
      <type value="JavaSDK" />
      <version value="java version &quot;1.8.0_112-release&quot;" />
      <homePath value="$APPLICATION_HOME_DIR$/jre/jdk/Contents/Home" />
      <roots>
        <annotationsPath>
          <root type="composite">
            <root type="simple" url="jar://$APPLICATION_HOME_DIR$/lib/jdkAnnotations.jar!/" />
          </root>
        </annotationsPath>
        <classPath>
          <root type="composite">
            <root type="simple" url="jar://$APPLICATION_HOME_DIR$/jre/jdk/Contents/Home/jre/lib/charsets.jar!/" />
            <root type="simple" url="jar://$APPLICATION_HOME_DIR$/jre/jdk/Contents/Home/jre/lib/ext/cldrdata.jar!/" />
            <root type="simple" url="jar://$APPLICATION_HOME_DIR$/jre/jdk/Contents/Home/jre/lib/ext/dnsns.jar!/" />
            <root type="simple" url="jar://$APPLICATION_HOME_DIR$/jre/jdk/Contents/Home/jre/lib/ext/jaccess.jar!/" />
            <root type="simple" url="jar://$APPLICATION_HOME_DIR$/jre/jdk/Contents/Home/jre/lib/ext/localedata.jar!/" />
            <root type="simple" url="jar://$APPLICATION_HOME_DIR$/jre/jdk/Contents/Home/jre/lib/ext/nashorn.jar!/" />
            <root type="simple" url="jar://$APPLICATION_HOME_DIR$/jre/jdk/Contents/Home/jre/lib/ext/sunec.jar!/" />
            <root type="simple" url="jar://$APPLICATION_HOME_DIR$/jre/jdk/Contents/Home/jre/lib/ext/sunjce_provider.jar!/" />
            <root type="simple" url="jar://$APPLICATION_HOME_DIR$/jre/jdk/Contents/Home/jre/lib/ext/sunpkcs11.jar!/" />
            <root type="simple" url="jar://$APPLICATION_HOME_DIR$/jre/jdk/Contents/Home/jre/lib/ext/zipfs.jar!/" />
            <root type="simple" url="jar://$APPLICATION_HOME_DIR$/jre/jdk/Contents/Home/jre/lib/jce.jar!/" />
            <root type="simple" url="jar://$APPLICATION_HOME_DIR$/jre/jdk/Contents/Home/jre/lib/jsse.jar!/" />
            <root type="simple" url="jar://$APPLICATION_HOME_DIR$/jre/jdk/Contents/Home/jre/lib/management-agent.jar!/" />
            <root type="simple" url="jar://$APPLICATION_HOME_DIR$/jre/jdk/Contents/Home/jre/lib/resources.jar!/" />
            <root type="simple" url="jar://$APPLICATION_HOME_DIR$/jre/jdk/Contents/Home/jre/lib/rt.jar!/" />
            <root type="simple" url="jar://$APPLICATION_HOME_DIR$/jre/jdk/Contents/Home/lib/dt.jar!/" />
            <root type="simple" url="jar://$APPLICATION_HOME_DIR$/jre/jdk/Contents/Home/lib/jconsole.jar!/" />
            <root type="simple" url="jar://$APPLICATION_HOME_DIR$/jre/jdk/Contents/Home/lib/sa-jdi.jar!/" />
            <root type="simple" url="jar://$APPLICATION_HOME_DIR$/jre/jdk/Contents/Home/lib/tools.jar!/" />
          </root>
        </classPath>
        <javadocPath>
          <root type="composite">
            <root type="simple" url="http://docs.oracle.com/javase/8/docs/api" />
          </root>
        </javadocPath>
        <sourcePath>
          <root type="composite" />
        </sourcePath>
      </roots>
      <additional />
    </jdk>
    <jdk version="2">
      <name value="1.8 (16)" />
      <type value="JavaSDK" />
      <version value="java version &quot;1.8.0_112-release&quot;" />
      <homePath value="$APPLICATION_HOME_DIR$/jre/jdk/Contents/Home" />
      <roots>
        <annotationsPath>
          <root type="composite">
            <root type="simple" url="jar://$APPLICATION_HOME_DIR$/lib/jdkAnnotations.jar!/" />
          </root>
        </annotationsPath>
        <classPath>
          <root type="composite">
            <root type="simple" url="jar://$APPLICATION_HOME_DIR$/jre/jdk/Contents/Home/jre/lib/charsets.jar!/" />
            <root type="simple" url="jar://$APPLICATION_HOME_DIR$/jre/jdk/Contents/Home/jre/lib/ext/cldrdata.jar!/" />
            <root type="simple" url="jar://$APPLICATION_HOME_DIR$/jre/jdk/Contents/Home/jre/lib/ext/dnsns.jar!/" />
            <root type="simple" url="jar://$APPLICATION_HOME_DIR$/jre/jdk/Contents/Home/jre/lib/ext/jaccess.jar!/" />
            <root type="simple" url="jar://$APPLICATION_HOME_DIR$/jre/jdk/Contents/Home/jre/lib/ext/localedata.jar!/" />
            <root type="simple" url="jar://$APPLICATION_HOME_DIR$/jre/jdk/Contents/Home/jre/lib/ext/nashorn.jar!/" />
            <root type="simple" url="jar://$APPLICATION_HOME_DIR$/jre/jdk/Contents/Home/jre/lib/ext/sunec.jar!/" />
            <root type="simple" url="jar://$APPLICATION_HOME_DIR$/jre/jdk/Contents/Home/jre/lib/ext/sunjce_provider.jar!/" />
            <root type="simple" url="jar://$APPLICATION_HOME_DIR$/jre/jdk/Contents/Home/jre/lib/ext/sunpkcs11.jar!/" />
            <root type="simple" url="jar://$APPLICATION_HOME_DIR$/jre/jdk/Contents/Home/jre/lib/ext/zipfs.jar!/" />
            <root type="simple" url="jar://$APPLICATION_HOME_DIR$/jre/jdk/Contents/Home/jre/lib/jce.jar!/" />
            <root type="simple" url="jar://$APPLICATION_HOME_DIR$/jre/jdk/Contents/Home/jre/lib/jsse.jar!/" />
            <root type="simple" url="jar://$APPLICATION_HOME_DIR$/jre/jdk/Contents/Home/jre/lib/management-agent.jar!/" />
            <root type="simple" url="jar://$APPLICATION_HOME_DIR$/jre/jdk/Contents/Home/jre/lib/resources.jar!/" />
            <root type="simple" url="jar://$APPLICATION_HOME_DIR$/jre/jdk/Contents/Home/jre/lib/rt.jar!/" />
            <root type="simple" url="jar://$APPLICATION_HOME_DIR$/jre/jdk/Contents/Home/lib/dt.jar!/" />
            <root type="simple" url="jar://$APPLICATION_HOME_DIR$/jre/jdk/Contents/Home/lib/jconsole.jar!/" />
            <root type="simple" url="jar://$APPLICATION_HOME_DIR$/jre/jdk/Contents/Home/lib/sa-jdi.jar!/" />
            <root type="simple" url="jar://$APPLICATION_HOME_DIR$/jre/jdk/Contents/Home/lib/tools.jar!/" />
          </root>
        </classPath>
        <javadocPath>
          <root type="composite">
            <root type="simple" url="http://docs.oracle.com/javase/8/docs/api" />
          </root>
        </javadocPath>
        <sourcePath>
          <root type="composite" />
        </sourcePath>
      </roots>
      <additional />
    </jdk>
    <jdk version="2">
      <name value="1.8 (17)" />
      <type value="JavaSDK" />
      <version value="java version &quot;1.8.0_112-release&quot;" />
      <homePath value="$APPLICATION_HOME_DIR$/jre/jdk/Contents/Home" />
      <roots>
        <annotationsPath>
          <root type="composite">
            <root type="simple" url="jar://$APPLICATION_HOME_DIR$/lib/jdkAnnotations.jar!/" />
          </root>
        </annotationsPath>
        <classPath>
          <root type="composite">
            <root type="simple" url="jar://$APPLICATION_HOME_DIR$/jre/jdk/Contents/Home/jre/lib/charsets.jar!/" />
            <root type="simple" url="jar://$APPLICATION_HOME_DIR$/jre/jdk/Contents/Home/jre/lib/ext/cldrdata.jar!/" />
            <root type="simple" url="jar://$APPLICATION_HOME_DIR$/jre/jdk/Contents/Home/jre/lib/ext/dnsns.jar!/" />
            <root type="simple" url="jar://$APPLICATION_HOME_DIR$/jre/jdk/Contents/Home/jre/lib/ext/jaccess.jar!/" />
            <root type="simple" url="jar://$APPLICATION_HOME_DIR$/jre/jdk/Contents/Home/jre/lib/ext/localedata.jar!/" />
            <root type="simple" url="jar://$APPLICATION_HOME_DIR$/jre/jdk/Contents/Home/jre/lib/ext/nashorn.jar!/" />
            <root type="simple" url="jar://$APPLICATION_HOME_DIR$/jre/jdk/Contents/Home/jre/lib/ext/sunec.jar!/" />
            <root type="simple" url="jar://$APPLICATION_HOME_DIR$/jre/jdk/Contents/Home/jre/lib/ext/sunjce_provider.jar!/" />
            <root type="simple" url="jar://$APPLICATION_HOME_DIR$/jre/jdk/Contents/Home/jre/lib/ext/sunpkcs11.jar!/" />
            <root type="simple" url="jar://$APPLICATION_HOME_DIR$/jre/jdk/Contents/Home/jre/lib/ext/zipfs.jar!/" />
            <root type="simple" url="jar://$APPLICATION_HOME_DIR$/jre/jdk/Contents/Home/jre/lib/jce.jar!/" />
            <root type="simple" url="jar://$APPLICATION_HOME_DIR$/jre/jdk/Contents/Home/jre/lib/jsse.jar!/" />
            <root type="simple" url="jar://$APPLICATION_HOME_DIR$/jre/jdk/Contents/Home/jre/lib/management-agent.jar!/" />
            <root type="simple" url="jar://$APPLICATION_HOME_DIR$/jre/jdk/Contents/Home/jre/lib/resources.jar!/" />
            <root type="simple" url="jar://$APPLICATION_HOME_DIR$/jre/jdk/Contents/Home/jre/lib/rt.jar!/" />
            <root type="simple" url="jar://$APPLICATION_HOME_DIR$/jre/jdk/Contents/Home/lib/dt.jar!/" />
            <root type="simple" url="jar://$APPLICATION_HOME_DIR$/jre/jdk/Contents/Home/lib/jconsole.jar!/" />
            <root type="simple" url="jar://$APPLICATION_HOME_DIR$/jre/jdk/Contents/Home/lib/sa-jdi.jar!/" />
            <root type="simple" url="jar://$APPLICATION_HOME_DIR$/jre/jdk/Contents/Home/lib/tools.jar!/" />
          </root>
        </classPath>
        <javadocPath>
          <root type="composite">
            <root type="simple" url="http://docs.oracle.com/javase/8/docs/api" />
          </root>
        </javadocPath>
        <sourcePath>
          <root type="composite" />
        </sourcePath>
      </roots>
      <additional />
    </jdk>
    <jdk version="2">
      <name value="1.8 (18)" />
      <type value="JavaSDK" />
      <version value="java version &quot;1.8.0_112-release&quot;" />
      <homePath value="$APPLICATION_HOME_DIR$/jre/jdk/Contents/Home" />
      <roots>
        <annotationsPath>
          <root type="composite">
            <root type="simple" url="jar://$APPLICATION_HOME_DIR$/lib/jdkAnnotations.jar!/" />
          </root>
        </annotationsPath>
        <classPath>
          <root type="composite">
            <root type="simple" url="jar://$APPLICATION_HOME_DIR$/jre/jdk/Contents/Home/jre/lib/charsets.jar!/" />
            <root type="simple" url="jar://$APPLICATION_HOME_DIR$/jre/jdk/Contents/Home/jre/lib/ext/cldrdata.jar!/" />
            <root type="simple" url="jar://$APPLICATION_HOME_DIR$/jre/jdk/Contents/Home/jre/lib/ext/dnsns.jar!/" />
            <root type="simple" url="jar://$APPLICATION_HOME_DIR$/jre/jdk/Contents/Home/jre/lib/ext/jaccess.jar!/" />
            <root type="simple" url="jar://$APPLICATION_HOME_DIR$/jre/jdk/Contents/Home/jre/lib/ext/localedata.jar!/" />
            <root type="simple" url="jar://$APPLICATION_HOME_DIR$/jre/jdk/Contents/Home/jre/lib/ext/nashorn.jar!/" />
            <root type="simple" url="jar://$APPLICATION_HOME_DIR$/jre/jdk/Contents/Home/jre/lib/ext/sunec.jar!/" />
            <root type="simple" url="jar://$APPLICATION_HOME_DIR$/jre/jdk/Contents/Home/jre/lib/ext/sunjce_provider.jar!/" />
            <root type="simple" url="jar://$APPLICATION_HOME_DIR$/jre/jdk/Contents/Home/jre/lib/ext/sunpkcs11.jar!/" />
            <root type="simple" url="jar://$APPLICATION_HOME_DIR$/jre/jdk/Contents/Home/jre/lib/ext/zipfs.jar!/" />
            <root type="simple" url="jar://$APPLICATION_HOME_DIR$/jre/jdk/Contents/Home/jre/lib/jce.jar!/" />
            <root type="simple" url="jar://$APPLICATION_HOME_DIR$/jre/jdk/Contents/Home/jre/lib/jsse.jar!/" />
            <root type="simple" url="jar://$APPLICATION_HOME_DIR$/jre/jdk/Contents/Home/jre/lib/management-agent.jar!/" />
            <root type="simple" url="jar://$APPLICATION_HOME_DIR$/jre/jdk/Contents/Home/jre/lib/resources.jar!/" />
            <root type="simple" url="jar://$APPLICATION_HOME_DIR$/jre/jdk/Contents/Home/jre/lib/rt.jar!/" />
            <root type="simple" url="jar://$APPLICATION_HOME_DIR$/jre/jdk/Contents/Home/lib/dt.jar!/" />
            <root type="simple" url="jar://$APPLICATION_HOME_DIR$/jre/jdk/Contents/Home/lib/jconsole.jar!/" />
            <root type="simple" url="jar://$APPLICATION_HOME_DIR$/jre/jdk/Contents/Home/lib/sa-jdi.jar!/" />
            <root type="simple" url="jar://$APPLICATION_HOME_DIR$/jre/jdk/Contents/Home/lib/tools.jar!/" />
          </root>
        </classPath>
        <javadocPath>
          <root type="composite">
            <root type="simple" url="http://docs.oracle.com/javase/8/docs/api" />
          </root>
        </javadocPath>
        <sourcePath>
          <root type="composite" />
        </sourcePath>
      </roots>
      <additional />
    </jdk>
    <jdk version="2">
      <name value="1.8 (19)" />
      <type value="JavaSDK" />
      <version value="java version &quot;1.8.0_112-release&quot;" />
      <homePath value="$APPLICATION_HOME_DIR$/jre/jdk/Contents/Home" />
      <roots>
        <annotationsPath>
          <root type="composite">
            <root type="simple" url="jar://$APPLICATION_HOME_DIR$/lib/jdkAnnotations.jar!/" />
          </root>
        </annotationsPath>
        <classPath>
          <root type="composite">
            <root type="simple" url="jar://$APPLICATION_HOME_DIR$/jre/jdk/Contents/Home/jre/lib/charsets.jar!/" />
            <root type="simple" url="jar://$APPLICATION_HOME_DIR$/jre/jdk/Contents/Home/jre/lib/ext/cldrdata.jar!/" />
            <root type="simple" url="jar://$APPLICATION_HOME_DIR$/jre/jdk/Contents/Home/jre/lib/ext/dnsns.jar!/" />
            <root type="simple" url="jar://$APPLICATION_HOME_DIR$/jre/jdk/Contents/Home/jre/lib/ext/jaccess.jar!/" />
            <root type="simple" url="jar://$APPLICATION_HOME_DIR$/jre/jdk/Contents/Home/jre/lib/ext/localedata.jar!/" />
            <root type="simple" url="jar://$APPLICATION_HOME_DIR$/jre/jdk/Contents/Home/jre/lib/ext/nashorn.jar!/" />
            <root type="simple" url="jar://$APPLICATION_HOME_DIR$/jre/jdk/Contents/Home/jre/lib/ext/sunec.jar!/" />
            <root type="simple" url="jar://$APPLICATION_HOME_DIR$/jre/jdk/Contents/Home/jre/lib/ext/sunjce_provider.jar!/" />
            <root type="simple" url="jar://$APPLICATION_HOME_DIR$/jre/jdk/Contents/Home/jre/lib/ext/sunpkcs11.jar!/" />
            <root type="simple" url="jar://$APPLICATION_HOME_DIR$/jre/jdk/Contents/Home/jre/lib/ext/zipfs.jar!/" />
            <root type="simple" url="jar://$APPLICATION_HOME_DIR$/jre/jdk/Contents/Home/jre/lib/jce.jar!/" />
            <root type="simple" url="jar://$APPLICATION_HOME_DIR$/jre/jdk/Contents/Home/jre/lib/jsse.jar!/" />
            <root type="simple" url="jar://$APPLICATION_HOME_DIR$/jre/jdk/Contents/Home/jre/lib/management-agent.jar!/" />
            <root type="simple" url="jar://$APPLICATION_HOME_DIR$/jre/jdk/Contents/Home/jre/lib/resources.jar!/" />
            <root type="simple" url="jar://$APPLICATION_HOME_DIR$/jre/jdk/Contents/Home/jre/lib/rt.jar!/" />
            <root type="simple" url="jar://$APPLICATION_HOME_DIR$/jre/jdk/Contents/Home/lib/dt.jar!/" />
            <root type="simple" url="jar://$APPLICATION_HOME_DIR$/jre/jdk/Contents/Home/lib/jconsole.jar!/" />
            <root type="simple" url="jar://$APPLICATION_HOME_DIR$/jre/jdk/Contents/Home/lib/sa-jdi.jar!/" />
            <root type="simple" url="jar://$APPLICATION_HOME_DIR$/jre/jdk/Contents/Home/lib/tools.jar!/" />
          </root>
        </classPath>
        <javadocPath>
          <root type="composite">
            <root type="simple" url="http://docs.oracle.com/javase/8/docs/api" />
          </root>
        </javadocPath>
        <sourcePath>
          <root type="composite" />
        </sourcePath>
      </roots>
      <additional />
    </jdk>
    <jdk version="2">
      <name value="1.8 (20)" />
      <type value="JavaSDK" />
      <version value="java version &quot;1.8.0_112-release&quot;" />
      <homePath value="$APPLICATION_HOME_DIR$/jre/jdk/Contents/Home" />
      <roots>
        <annotationsPath>
          <root type="composite">
            <root type="simple" url="jar://$APPLICATION_HOME_DIR$/lib/jdkAnnotations.jar!/" />
          </root>
        </annotationsPath>
        <classPath>
          <root type="composite">
            <root type="simple" url="jar://$APPLICATION_HOME_DIR$/jre/jdk/Contents/Home/jre/lib/charsets.jar!/" />
            <root type="simple" url="jar://$APPLICATION_HOME_DIR$/jre/jdk/Contents/Home/jre/lib/ext/cldrdata.jar!/" />
            <root type="simple" url="jar://$APPLICATION_HOME_DIR$/jre/jdk/Contents/Home/jre/lib/ext/dnsns.jar!/" />
            <root type="simple" url="jar://$APPLICATION_HOME_DIR$/jre/jdk/Contents/Home/jre/lib/ext/jaccess.jar!/" />
            <root type="simple" url="jar://$APPLICATION_HOME_DIR$/jre/jdk/Contents/Home/jre/lib/ext/localedata.jar!/" />
            <root type="simple" url="jar://$APPLICATION_HOME_DIR$/jre/jdk/Contents/Home/jre/lib/ext/nashorn.jar!/" />
            <root type="simple" url="jar://$APPLICATION_HOME_DIR$/jre/jdk/Contents/Home/jre/lib/ext/sunec.jar!/" />
            <root type="simple" url="jar://$APPLICATION_HOME_DIR$/jre/jdk/Contents/Home/jre/lib/ext/sunjce_provider.jar!/" />
            <root type="simple" url="jar://$APPLICATION_HOME_DIR$/jre/jdk/Contents/Home/jre/lib/ext/sunpkcs11.jar!/" />
            <root type="simple" url="jar://$APPLICATION_HOME_DIR$/jre/jdk/Contents/Home/jre/lib/ext/zipfs.jar!/" />
            <root type="simple" url="jar://$APPLICATION_HOME_DIR$/jre/jdk/Contents/Home/jre/lib/jce.jar!/" />
            <root type="simple" url="jar://$APPLICATION_HOME_DIR$/jre/jdk/Contents/Home/jre/lib/jsse.jar!/" />
            <root type="simple" url="jar://$APPLICATION_HOME_DIR$/jre/jdk/Contents/Home/jre/lib/management-agent.jar!/" />
            <root type="simple" url="jar://$APPLICATION_HOME_DIR$/jre/jdk/Contents/Home/jre/lib/resources.jar!/" />
            <root type="simple" url="jar://$APPLICATION_HOME_DIR$/jre/jdk/Contents/Home/jre/lib/rt.jar!/" />
            <root type="simple" url="jar://$APPLICATION_HOME_DIR$/jre/jdk/Contents/Home/lib/dt.jar!/" />
            <root type="simple" url="jar://$APPLICATION_HOME_DIR$/jre/jdk/Contents/Home/lib/jconsole.jar!/" />
            <root type="simple" url="jar://$APPLICATION_HOME_DIR$/jre/jdk/Contents/Home/lib/sa-jdi.jar!/" />
            <root type="simple" url="jar://$APPLICATION_HOME_DIR$/jre/jdk/Contents/Home/lib/tools.jar!/" />
          </root>
        </classPath>
        <javadocPath>
          <root type="composite">
            <root type="simple" url="http://docs.oracle.com/javase/8/docs/api" />
          </root>
        </javadocPath>
        <sourcePath>
          <root type="composite" />
        </sourcePath>
      </roots>
      <additional />
    </jdk>
    <jdk version="2">
      <name value="1.8 (21)" />
      <type value="JavaSDK" />
      <version value="java version &quot;1.8.0_112-release&quot;" />
      <homePath value="$APPLICATION_HOME_DIR$/jre/jdk/Contents/Home" />
      <roots>
        <annotationsPath>
          <root type="composite">
            <root type="simple" url="jar://$APPLICATION_HOME_DIR$/lib/jdkAnnotations.jar!/" />
          </root>
        </annotationsPath>
        <classPath>
          <root type="composite">
            <root type="simple" url="jar://$APPLICATION_HOME_DIR$/jre/jdk/Contents/Home/jre/lib/charsets.jar!/" />
            <root type="simple" url="jar://$APPLICATION_HOME_DIR$/jre/jdk/Contents/Home/jre/lib/ext/cldrdata.jar!/" />
            <root type="simple" url="jar://$APPLICATION_HOME_DIR$/jre/jdk/Contents/Home/jre/lib/ext/dnsns.jar!/" />
            <root type="simple" url="jar://$APPLICATION_HOME_DIR$/jre/jdk/Contents/Home/jre/lib/ext/jaccess.jar!/" />
            <root type="simple" url="jar://$APPLICATION_HOME_DIR$/jre/jdk/Contents/Home/jre/lib/ext/localedata.jar!/" />
            <root type="simple" url="jar://$APPLICATION_HOME_DIR$/jre/jdk/Contents/Home/jre/lib/ext/nashorn.jar!/" />
            <root type="simple" url="jar://$APPLICATION_HOME_DIR$/jre/jdk/Contents/Home/jre/lib/ext/sunec.jar!/" />
            <root type="simple" url="jar://$APPLICATION_HOME_DIR$/jre/jdk/Contents/Home/jre/lib/ext/sunjce_provider.jar!/" />
            <root type="simple" url="jar://$APPLICATION_HOME_DIR$/jre/jdk/Contents/Home/jre/lib/ext/sunpkcs11.jar!/" />
            <root type="simple" url="jar://$APPLICATION_HOME_DIR$/jre/jdk/Contents/Home/jre/lib/ext/zipfs.jar!/" />
            <root type="simple" url="jar://$APPLICATION_HOME_DIR$/jre/jdk/Contents/Home/jre/lib/jce.jar!/" />
            <root type="simple" url="jar://$APPLICATION_HOME_DIR$/jre/jdk/Contents/Home/jre/lib/jsse.jar!/" />
            <root type="simple" url="jar://$APPLICATION_HOME_DIR$/jre/jdk/Contents/Home/jre/lib/management-agent.jar!/" />
            <root type="simple" url="jar://$APPLICATION_HOME_DIR$/jre/jdk/Contents/Home/jre/lib/resources.jar!/" />
            <root type="simple" url="jar://$APPLICATION_HOME_DIR$/jre/jdk/Contents/Home/jre/lib/rt.jar!/" />
            <root type="simple" url="jar://$APPLICATION_HOME_DIR$/jre/jdk/Contents/Home/lib/dt.jar!/" />
            <root type="simple" url="jar://$APPLICATION_HOME_DIR$/jre/jdk/Contents/Home/lib/jconsole.jar!/" />
            <root type="simple" url="jar://$APPLICATION_HOME_DIR$/jre/jdk/Contents/Home/lib/sa-jdi.jar!/" />
            <root type="simple" url="jar://$APPLICATION_HOME_DIR$/jre/jdk/Contents/Home/lib/tools.jar!/" />
          </root>
        </classPath>
        <javadocPath>
          <root type="composite">
            <root type="simple" url="http://docs.oracle.com/javase/8/docs/api" />
          </root>
        </javadocPath>
        <sourcePath>
          <root type="composite" />
        </sourcePath>
      </roots>
      <additional />
    </jdk>
    <jdk version="2">
      <name value="Android API 26 Platform" />
      <type value="Android SDK" />
      <version value="java version &quot;1.8.0_112-release&quot;" />
      <homePath value="$USER_HOME$/Library/Android/sdk" />
      <roots>
        <annotationsPath>
          <root type="composite">
            <root type="simple" url="jar://$APPLICATION_HOME_DIR$/plugins/android/lib/androidAnnotations.jar!/" />
          </root>
        </annotationsPath>
        <classPath>
          <root type="composite">
            <root type="simple" url="jar://$USER_HOME$/Library/Android/sdk/platforms/android-26/android.jar!/" />
            <root type="simple" url="file://$USER_HOME$/Library/Android/sdk/platforms/android-26/data/res" />
          </root>
        </classPath>
        <javadocPath>
          <root type="composite">
            <root type="simple" url="http://developer.android.com/reference/" />
            <root type="simple" url="http://developer.android.com/reference/" />
            <root type="simple" url="http://developer.android.com/reference/" />
            <root type="simple" url="http://developer.android.com/reference/" />
            <root type="simple" url="http://developer.android.com/reference/" />
            <root type="simple" url="http://developer.android.com/reference/" />
            <root type="simple" url="http://developer.android.com/reference/" />
            <root type="simple" url="http://developer.android.com/reference/" />
            <root type="simple" url="http://developer.android.com/reference/" />
            <root type="simple" url="http://developer.android.com/reference/" />
            <root type="simple" url="http://developer.android.com/reference/" />
            <root type="simple" url="http://developer.android.com/reference/" />
            <root type="simple" url="http://developer.android.com/reference/" />
            <root type="simple" url="http://developer.android.com/reference/" />
            <root type="simple" url="http://developer.android.com/reference/" />
            <root type="simple" url="http://developer.android.com/reference/" />
            <root type="simple" url="http://developer.android.com/reference/" />
            <root type="simple" url="http://developer.android.com/reference/" />
            <root type="simple" url="http://developer.android.com/reference/" />
            <root type="simple" url="http://developer.android.com/reference/" />
            <root type="simple" url="http://developer.android.com/reference/" />
            <root type="simple" url="http://developer.android.com/reference/" />
            <root type="simple" url="http://developer.android.com/reference/" />
            <root type="simple" url="http://developer.android.com/reference/" />
            <root type="simple" url="http://developer.android.com/reference/" />
            <root type="simple" url="http://developer.android.com/reference/" />
            <root type="simple" url="http://developer.android.com/reference/" />
            <root type="simple" url="http://developer.android.com/reference/" />
            <root type="simple" url="http://developer.android.com/reference/" />
            <root type="simple" url="http://developer.android.com/reference/" />
            <root type="simple" url="http://developer.android.com/reference/" />
            <root type="simple" url="http://developer.android.com/reference/" />
            <root type="simple" url="http://developer.android.com/reference/" />
            <root type="simple" url="http://developer.android.com/reference/" />
            <root type="simple" url="http://developer.android.com/reference/" />
            <root type="simple" url="http://developer.android.com/reference/" />
            <root type="simple" url="http://developer.android.com/reference/" />
            <root type="simple" url="http://developer.android.com/reference/" />
            <root type="simple" url="http://developer.android.com/reference/" />
            <root type="simple" url="http://developer.android.com/reference/" />
            <root type="simple" url="http://developer.android.com/reference/" />
            <root type="simple" url="http://developer.android.com/reference/" />
            <root type="simple" url="http://developer.android.com/reference/" />
            <root type="simple" url="http://developer.android.com/reference/" />
            <root type="simple" url="http://developer.android.com/reference/" />
            <root type="simple" url="http://developer.android.com/reference/" />
            <root type="simple" url="http://developer.android.com/reference/" />
            <root type="simple" url="http://developer.android.com/reference/" />
            <root type="simple" url="http://developer.android.com/reference/" />
            <root type="simple" url="http://developer.android.com/reference/" />
            <root type="simple" url="http://developer.android.com/reference/" />
            <root type="simple" url="http://developer.android.com/reference/" />
            <root type="simple" url="http://developer.android.com/reference/" />
            <root type="simple" url="http://developer.android.com/reference/" />
            <root type="simple" url="http://developer.android.com/reference/" />
            <root type="simple" url="http://developer.android.com/reference/" />
            <root type="simple" url="http://developer.android.com/reference/" />
            <root type="simple" url="http://developer.android.com/reference/" />
            <root type="simple" url="http://developer.android.com/reference/" />
            <root type="simple" url="http://developer.android.com/reference/" />
            <root type="simple" url="http://developer.android.com/reference/" />
            <root type="simple" url="http://developer.android.com/reference/" />
            <root type="simple" url="http://developer.android.com/reference/" />
            <root type="simple" url="http://developer.android.com/reference/" />
            <root type="simple" url="http://developer.android.com/reference/" />
            <root type="simple" url="http://developer.android.com/reference/" />
            <root type="simple" url="http://developer.android.com/reference/" />
            <root type="simple" url="http://developer.android.com/reference/" />
            <root type="simple" url="http://developer.android.com/reference/" />
            <root type="simple" url="http://developer.android.com/reference/" />
          </root>
        </javadocPath>
        <sourcePath>
          <root type="composite">
            <root type="simple" url="file://$USER_HOME$/Library/Android/sdk/sources/android-26" />
          </root>
        </sourcePath>
      </roots>
      <additional jdk="1.8 (21)" sdk="android-26" />
    </jdk>
    <jdk version="2">
      <name value="1.8 (22)" />
      <type value="JavaSDK" />
      <version value="java version &quot;1.8.0_112-release&quot;" />
      <homePath value="$APPLICATION_HOME_DIR$/jre/jdk/Contents/Home" />
      <roots>
        <annotationsPath>
          <root type="composite">
            <root type="simple" url="jar://$APPLICATION_HOME_DIR$/lib/jdkAnnotations.jar!/" />
          </root>
        </annotationsPath>
        <classPath>
          <root type="composite">
            <root type="simple" url="jar://$APPLICATION_HOME_DIR$/jre/jdk/Contents/Home/jre/lib/charsets.jar!/" />
            <root type="simple" url="jar://$APPLICATION_HOME_DIR$/jre/jdk/Contents/Home/jre/lib/ext/cldrdata.jar!/" />
            <root type="simple" url="jar://$APPLICATION_HOME_DIR$/jre/jdk/Contents/Home/jre/lib/ext/dnsns.jar!/" />
            <root type="simple" url="jar://$APPLICATION_HOME_DIR$/jre/jdk/Contents/Home/jre/lib/ext/jaccess.jar!/" />
            <root type="simple" url="jar://$APPLICATION_HOME_DIR$/jre/jdk/Contents/Home/jre/lib/ext/localedata.jar!/" />
            <root type="simple" url="jar://$APPLICATION_HOME_DIR$/jre/jdk/Contents/Home/jre/lib/ext/nashorn.jar!/" />
            <root type="simple" url="jar://$APPLICATION_HOME_DIR$/jre/jdk/Contents/Home/jre/lib/ext/sunec.jar!/" />
            <root type="simple" url="jar://$APPLICATION_HOME_DIR$/jre/jdk/Contents/Home/jre/lib/ext/sunjce_provider.jar!/" />
            <root type="simple" url="jar://$APPLICATION_HOME_DIR$/jre/jdk/Contents/Home/jre/lib/ext/sunpkcs11.jar!/" />
            <root type="simple" url="jar://$APPLICATION_HOME_DIR$/jre/jdk/Contents/Home/jre/lib/ext/zipfs.jar!/" />
            <root type="simple" url="jar://$APPLICATION_HOME_DIR$/jre/jdk/Contents/Home/jre/lib/jce.jar!/" />
            <root type="simple" url="jar://$APPLICATION_HOME_DIR$/jre/jdk/Contents/Home/jre/lib/jsse.jar!/" />
            <root type="simple" url="jar://$APPLICATION_HOME_DIR$/jre/jdk/Contents/Home/jre/lib/management-agent.jar!/" />
            <root type="simple" url="jar://$APPLICATION_HOME_DIR$/jre/jdk/Contents/Home/jre/lib/resources.jar!/" />
            <root type="simple" url="jar://$APPLICATION_HOME_DIR$/jre/jdk/Contents/Home/jre/lib/rt.jar!/" />
            <root type="simple" url="jar://$APPLICATION_HOME_DIR$/jre/jdk/Contents/Home/lib/dt.jar!/" />
            <root type="simple" url="jar://$APPLICATION_HOME_DIR$/jre/jdk/Contents/Home/lib/jconsole.jar!/" />
            <root type="simple" url="jar://$APPLICATION_HOME_DIR$/jre/jdk/Contents/Home/lib/sa-jdi.jar!/" />
            <root type="simple" url="jar://$APPLICATION_HOME_DIR$/jre/jdk/Contents/Home/lib/tools.jar!/" />
          </root>
        </classPath>
        <javadocPath>
          <root type="composite">
            <root type="simple" url="http://docs.oracle.com/javase/8/docs/api" />
          </root>
        </javadocPath>
        <sourcePath>
          <root type="composite" />
        </sourcePath>
      </roots>
      <additional />
    </jdk>
    <jdk version="2">
      <name value="1.8 (23)" />
      <type value="JavaSDK" />
      <version value="java version &quot;1.8.0_112-release&quot;" />
      <homePath value="$APPLICATION_HOME_DIR$/jre/jdk/Contents/Home" />
      <roots>
        <annotationsPath>
          <root type="composite">
            <root type="simple" url="jar://$APPLICATION_HOME_DIR$/lib/jdkAnnotations.jar!/" />
          </root>
        </annotationsPath>
        <classPath>
          <root type="composite">
            <root type="simple" url="jar://$APPLICATION_HOME_DIR$/jre/jdk/Contents/Home/jre/lib/charsets.jar!/" />
            <root type="simple" url="jar://$APPLICATION_HOME_DIR$/jre/jdk/Contents/Home/jre/lib/ext/cldrdata.jar!/" />
            <root type="simple" url="jar://$APPLICATION_HOME_DIR$/jre/jdk/Contents/Home/jre/lib/ext/dnsns.jar!/" />
            <root type="simple" url="jar://$APPLICATION_HOME_DIR$/jre/jdk/Contents/Home/jre/lib/ext/jaccess.jar!/" />
            <root type="simple" url="jar://$APPLICATION_HOME_DIR$/jre/jdk/Contents/Home/jre/lib/ext/localedata.jar!/" />
            <root type="simple" url="jar://$APPLICATION_HOME_DIR$/jre/jdk/Contents/Home/jre/lib/ext/nashorn.jar!/" />
            <root type="simple" url="jar://$APPLICATION_HOME_DIR$/jre/jdk/Contents/Home/jre/lib/ext/sunec.jar!/" />
            <root type="simple" url="jar://$APPLICATION_HOME_DIR$/jre/jdk/Contents/Home/jre/lib/ext/sunjce_provider.jar!/" />
            <root type="simple" url="jar://$APPLICATION_HOME_DIR$/jre/jdk/Contents/Home/jre/lib/ext/sunpkcs11.jar!/" />
            <root type="simple" url="jar://$APPLICATION_HOME_DIR$/jre/jdk/Contents/Home/jre/lib/ext/zipfs.jar!/" />
            <root type="simple" url="jar://$APPLICATION_HOME_DIR$/jre/jdk/Contents/Home/jre/lib/jce.jar!/" />
            <root type="simple" url="jar://$APPLICATION_HOME_DIR$/jre/jdk/Contents/Home/jre/lib/jsse.jar!/" />
            <root type="simple" url="jar://$APPLICATION_HOME_DIR$/jre/jdk/Contents/Home/jre/lib/management-agent.jar!/" />
            <root type="simple" url="jar://$APPLICATION_HOME_DIR$/jre/jdk/Contents/Home/jre/lib/resources.jar!/" />
            <root type="simple" url="jar://$APPLICATION_HOME_DIR$/jre/jdk/Contents/Home/jre/lib/rt.jar!/" />
            <root type="simple" url="jar://$APPLICATION_HOME_DIR$/jre/jdk/Contents/Home/lib/dt.jar!/" />
            <root type="simple" url="jar://$APPLICATION_HOME_DIR$/jre/jdk/Contents/Home/lib/jconsole.jar!/" />
            <root type="simple" url="jar://$APPLICATION_HOME_DIR$/jre/jdk/Contents/Home/lib/sa-jdi.jar!/" />
            <root type="simple" url="jar://$APPLICATION_HOME_DIR$/jre/jdk/Contents/Home/lib/tools.jar!/" />
          </root>
        </classPath>
        <javadocPath>
          <root type="composite">
            <root type="simple" url="http://docs.oracle.com/javase/8/docs/api" />
          </root>
        </javadocPath>
        <sourcePath>
          <root type="composite" />
        </sourcePath>
      </roots>
      <additional />
    </jdk>
  </component>
</application>