<application>
  <component name="KeyPromoterXStatistic">
    <option name="statistics">
      <Statistic Action="Back">
        <Item>
          <IdeaActionID>Back</IdeaActionID>
          <ShortCut>'⌘[' or '⌥⌘←' or 'Button4 Click'</ShortCut>
          <Description>Back</Description>
          <Count>442</Count>
        </Item>
      </Statistic>
      <Statistic Action="Declaration">
        <Item>
          <IdeaActionID>GotoDeclaration</IdeaActionID>
          <ShortCut>'⌘B' or '⌘Button1 Click' or 'Button2 Click'</ShortCut>
          <Description>Declaration</Description>
          <Count>455</Count>
        </Item>
      </Statistic>
      <Statistic Action="Find">
        <Item>
          <IdeaActionID>ActivateFindToolWindow</IdeaActionID>
          <ShortCut>'⌘3'</ShortCut>
          <Description>Find</Description>
          <Count>10</Count>
        </Item>
      </Statistic>
      <Statistic Action="Find Sample Code">
        <Item>
          <IdeaActionID>Cluestick.SearchMenu</IdeaActionID>
          <ShortCut>'⌥F8'</ShortCut>
          <Description>Find Sample Code</Description>
          <Count>2</Count>
        </Item>
      </Statistic>
      <Statistic Action="Find Usages">
        <Item>
          <IdeaActionID>FindUsages</IdeaActionID>
          <ShortCut>'⌥F7'</ShortCut>
          <Description>Find Usages</Description>
          <Count>74</Count>
        </Item>
      </Statistic>
      <Statistic Action="Hide All Windows">
        <Item>
          <IdeaActionID>HideAllWindows</IdeaActionID>
          <ShortCut>'⇧⌘F12'</ShortCut>
          <Description>Hide All Windows</Description>
          <Count>1</Count>
        </Item>
      </Statistic>
      <Statistic Action="Implementation(s)">
        <Item>
          <IdeaActionID>GotoImplementation</IdeaActionID>
          <ShortCut>'⌥⌘B' or '⌥⌘Button1 Click'</ShortCut>
          <Description>Implementation(s)</Description>
          <Count>6</Count>
        </Item>
      </Statistic>
      <Statistic Action="Logcat">
        <Item>
          <IdeaActionID>ActivateLogcatToolWindow</IdeaActionID>
          <ShortCut>'⌘6'</ShortCut>
          <Description>Logcat</Description>
          <Count>98</Count>
        </Item>
      </Statistic>
      <Statistic Action="Messages">
        <Item>
          <IdeaActionID>ActivateMessagesToolWindow</IdeaActionID>
          <ShortCut>'⌘0'</ShortCut>
          <Description>Messages</Description>
          <Count>6</Count>
        </Item>
      </Statistic>
      <Statistic Action="Move...">
        <Item>
          <IdeaActionID>Move</IdeaActionID>
          <ShortCut>'F6'</ShortCut>
          <Description>Move...</Description>
          <Count>1</Count>
        </Item>
      </Statistic>
      <Statistic Action="Project">
        <Item>
          <IdeaActionID>ActivateProjectToolWindow</IdeaActionID>
          <ShortCut>'⌘1'</ShortCut>
          <Description>Project</Description>
          <Count>27</Count>
        </Item>
      </Statistic>
      <Statistic Action="Restore Windows">
        <Item>
          <IdeaActionID>HideAllWindows</IdeaActionID>
          <ShortCut>'⇧⌘F12'</ShortCut>
          <Description>Restore Windows</Description>
          <Count>1</Count>
        </Item>
      </Statistic>
      <Statistic Action="Run">
        <Item>
          <IdeaActionID>ActivateRunToolWindow</IdeaActionID>
          <ShortCut>'⌘4'</ShortCut>
          <Description>Run</Description>
          <Count>3</Count>
        </Item>
      </Statistic>
      <Statistic Action="Run 'app'">
        <Item>
          <IdeaActionID>Run</IdeaActionID>
          <ShortCut>'⌃R'</ShortCut>
          <Description>Run 'app'</Description>
          <Count>1</Count>
        </Item>
      </Statistic>
      <Statistic Action="Run 'forzaFootball'">
        <Item>
          <IdeaActionID>Run</IdeaActionID>
          <ShortCut>'⌃R'</ShortCut>
          <Description>Run 'forzaFootball'</Description>
          <Count>46</Count>
        </Item>
      </Statistic>
      <Statistic Action="Toggle Line Breakpoint">
        <Item>
          <IdeaActionID>ToggleLineBreakpoint</IdeaActionID>
          <ShortCut>'⌘F8'</ShortCut>
          <Description>Toggle Line Breakpoint</Description>
          <Count>2</Count>
        </Item>
      </Statistic>
    </option>
  </component>
</application>