<application>
  <component name="PropertiesComponent">
    <property name="GoToClass.includeLibraries" value="false" />
    <property name="GoToClass.toSaveIncludeLibraries" value="false" />
    <property name="GoToFile.includeJavaFiles" value="false" />
    <property name="MemberChooser.showClasses" value="true" />
    <property name="MemberChooser.copyJavadoc" value="false" />
    <property name="log.debug.categories" value="" />
    <property name="DefaultHtmlDoctype.MigrateToHtml5" value="true" />
    <property name="DefaultHtmlDoctype.Refreshed" value="2" />
    <property name="AndroidInitConfigurator.V4" value="true" />
    <property name="AndroidInitConfigurator.V3" value="true" />
    <property name="AndroidInitConfigurator.V1" value="true" />
    <property name="AndroidInitConfigurator.V2" value="true" />
    <property name="installation.uid" value="53a3ac80-bbcf-431b-b0c0-9335b0ad63a7" />
    <property name="default.storage.format" value=".idea (directory based)" />
    <property name="file.colors.enable.non.project" value="Yellow" />
    <property name="AndroidEnableDdms" value="true" />
    <property name="android.logcat.filter.apply.if.client.selection.changes" value="false" />
    <property name="file.colors.enable.tests" value="Green" />
    <property name="last.used.gradle.home" value="$APPLICATION_HOME_DIR$/gradle/gradle-2.14.1" />
    <property name="SAVED_COMPANY_DOMAIN" value="zeb.se" />
    <property name="MobileminApi" value="23" />
    <property name="FileTemplates.SelectedTemplate" value="C File Header" />
    <property name="LayoutCode.optimizeImports" value="true" />
    <property name="LayoutCode.processChangedText" value="false" />
    <property name="KEYMAP" value="imports&#10;search by&#10;open&#10;resource&#10;open file" />
    <property name="LOG_FILTER_HISTORY" value="e2e&#10;teamnot&#10;searchfocus&#10;searchz&#10;netwat" />
    <property name="file.chooser.recent.files" value="$USER_HOME$/AndroidStudioProjects/forza-news-android/ForzaNews&#10;/Users/sebastianfurle/AndroidStudioProjects/forza-news-android&#10;/Users/sebastianfurle/Dropbox (FootballAddicts)/Android/Forza Football/keystore/upload-keystore&#10;/Users/sebastianfurle/Dropbox (FootballAddicts)/Android/Forza Football/keystore/keystore&#10;/Users/sebastianfurle/AndroidStudioProjects/forza-football-android&#10;/Applications/Android Studio.app/Contents/gradle/gradle-2.14.1&#10;/Users/sebastianfurle/AndroidStudioProjects/Pokemap-MrZeb&#10;/Users/sebastianfurle/AndroidStudioProjects/pitch-android&#10;/Applications/Android Studio 2.2.app/Contents/gradle/gradle-2.10&#10;/Users/sebastianfurle/AndroidStudioProjects/Pokemap&#10;/Users/sebastianfurle/Desktop&#10;/Users/sebastianfurle/Dropbox (FootballAddicts)/Android/Forza Football/Old 3.0 Forza/Live Score Addicts Format.xml&#10;/Users/sebastianfurle/Documents/ExoPlayer-master/build.gradle&#10;/Users/sebastianfurle/Documents/ExoPlayer-master/demo/build.gradle&#10;/Users/sebastianfurle/Documents/NowAPISampleCode/NowSampleClient/build.gradle&#10;/Users/sebastianfurle/AndroidStudioProjects/ExoPlayer-master&#10;/Users/sebastianfurle/Documents/NowAPISampleCode&#10;/Users/sebastianfurle/Dropbox (FootballAddicts)/Android/keystore/keystore&#10;/Users/sebastianfurle/Desktop/Old 3.0 Forza/Live Score Addicts Format.xml&#10;/Users/sebastianfurle/Documents/workspace/Forza Football Repository/live-score-addicts-android&#10;/Users/sebastianfurle/Google Drive/keystore/keystore&#10;/Users/sebastianfurle/Documents/SlidingTabsColors" />
    <property name="last.imported.location" value="$USER_HOME$/Documents/ExoPlayer-master/build.gradle" />
    <property name="color.picker.is.hsb" value="false" />
    <property name="android.resource_dialog_splitter" value="0.8" />
    <property name="ExpandBeforeRunStepsPanel" value="true" />
    <property name="com.intellij.diagnostic.IdeErrorsDialogactiveTab" value="0" />
    <property name="CommitChangeListDialog.DETAILS_SPLITTER_PROPORTION_2" value="0.42427498" />
    <property name="Copy.OpenInEditor" value="true" />
    <property name="export.settings.path" value="$USER_HOME$/Library/Preferences/AndroidStudio/settings.jar" />
    <property name="PLUGIN_FILTER" value="blame&#10;git&#10;key promoter&#10;Android Drawable&#10;codota" />
    <property name="lastTip" value="128" />
    <property name="LayoutCode.rearrangeEntriesJava" value="false" />
    <property name="ANDROID_DEBUG_SELECTED_TAB_AndroidRunConfigurationType" value="Console" />
    <property name="settings.code.style.selected.tab.JAVA" value="Tabs and Indents" />
    <property name="plugins.preselection.path" value="$USER_HOME$/Documents" />
    <property name="crashlytics.webApiUrl" value="https://api.crashlytics.com" />
    <property name="crashlytics.startPluginUpdater" value="true" />
    <property name="crashlytics.startSdkUpdater" value="true" />
    <property name="crashlytics.cmApiUrl" value="https://cm.crashlytics.com" />
    <property name="crashlytics.distributionUploadsApiUrl" value="https://distribution-uploads.crashlytics.com" />
    <property name="crashlytics.kitApiUrl" value="https://kits.crashlytics.com" />
    <property name="decompiler.legal.notice.accepted" value="true" />
    <property name="create.project.preferred.importer" value="Existing Sources" />
    <property name="project.jdk.splitter" value="0.2" />
    <property name="android-component-compatibility-check" value="1511229255461" />
    <property name="studio.activity.count" value="0" />
    <property name="fileTypeChangedCounter" value="1" />
    <property name="MoveClass.OpenInEditor" value="true" />
    <property name="INSPECTION_FILTER_HISTORY" value="unused&#10;typo&#10;&quot;New in 13&quot;" />
    <property name="LayoutCode.rearrangeEntries" value="false" />
    <property name="fabric.installationId" value="d5c3e6b7-e0cc-4373-9c0d-122bb82aadbd" />
    <property name="fabric.override_email" value="false" />
    <property name="com.google.gct.enable.cloud.testing" value="true" />
    <property name="android.show.prompt.kill.session" value="true" />
    <property name="gradle.runner.text.console_str" value="true" />
    <property name="gradle.runner.text.console" value="true" />
    <property name="JUnitSupport.hidePassedTests" value="false" />
    <property name="sm_test_statistics_table_columnsWidth0" value="75" />
    <property name="sm_test_statistics_table_columnsOrder0" value="0" />
    <property name="sm_test_statistics_table_columnsWidth1" value="75" />
    <property name="sm_test_statistics_table_columnsOrder1" value="1" />
    <property name="sm_test_statistics_table_columnsWidth2" value="75" />
    <property name="sm_test_statistics_table_columnsOrder2" value="2" />
    <property name="ATTACHED_TOOL_WINDOW.DEFAULT.NELE_EDITOR.PALETTE.LEFT" value="true" />
    <property name="ATTACHED_TOOL_WINDOW.NELE_EDITOR.PALETTE.LEFT" value="true" />
    <property name="ATTACHED_TOOL_WINDOW.DEFAULT.NELE_EDITOR.COMPONENT_TREE.LEFT" value="true" />
    <property name="ATTACHED_TOOL_WINDOW.NELE_EDITOR.COMPONENT_TREE.LEFT" value="true" />
    <property name="ATTACHED_TOOL_WINDOW.DEFAULT.NELE_EDITOR.COMPONENT_TREE.SPLIT" value="true" />
    <property name="ATTACHED_TOOL_WINDOW.NELE_EDITOR.COMPONENT_TREE.SPLIT" value="true" />
    <property name="ATTACHED_TOOL_WINDOW.DEFAULT.NELE_EDITOR.TOOL_ORDER" value="PALETTE,COMPONENT_TREE,PROPERTIES" />
    <property name="ATTACHED_TOOL_WINDOW.NELE_EDITOR.TOOL_ORDER" value="PALETTE,COMPONENT_TREE,PROPERTIES" />
    <property name="ATTACHED_TOOL_WINDOW.DEFAULT.Preview.PALETTE.LEFT" value="true" />
    <property name="ATTACHED_TOOL_WINDOW.Preview.PALETTE.LEFT" value="true" />
    <property name="ATTACHED_TOOL_WINDOW.DEFAULT.Preview.PALETTE.AUTO_HIDE" value="true" />
    <property name="ATTACHED_TOOL_WINDOW.Preview.PALETTE.AUTO_HIDE" value="true" />
    <property name="ATTACHED_TOOL_WINDOW.DEFAULT.Preview.TOOL_ORDER" value="PALETTE" />
    <property name="ATTACHED_TOOL_WINDOW.Preview.TOOL_ORDER" value="PALETTE" />
    <property name="newly.installed.api.level" value="27" />
    <property name="FileTemplates.CurrentTab" value="Includes" />
    <property name="CommitChangeListDialog.DETAILS_SHOW_OPTION_" value="true" />
    <property name="com.intellij.openapi.roots.ui.configuration.TabbedModuleEditor.selectedEditor" value="Sources" />
    <property name="codota_id" value="83a25073-915c-47ae-a862-77b167754c56" />
    <property name="AndroidInitConfigurator.V5" value="true" />
    <property name="installed.kotlin.plugin.version" value="1.1.51-release-Studio3.0-1" />
    <property name="file.gist.reindex.count" value="3047" />
    <property name="ATTACHED_TOOL_WINDOW.DEFAULT.Preview.PALETTE.SPLIT" value="false" />
    <property name="ATTACHED_TOOL_WINDOW.DEFAULT.NELE_EDITOR.PROPERTIES.LEFT" value="false" />
    <property name="ATTACHED_TOOL_WINDOW.DEFAULT.NELE_EDITOR.PROPERTIES.SPLIT" value="false" />
    <property name="ATTACHED_TOOL_WINDOW.DEFAULT.NELE_EDITOR.PROPERTIES.AUTO_HIDE" value="false" />
    <property name="ATTACHED_TOOL_WINDOW.DEFAULT.NELE_EDITOR.PALETTE.SPLIT" value="false" />
    <property name="ATTACHED_TOOL_WINDOW.DEFAULT.NELE_EDITOR.PALETTE.AUTO_HIDE" value="false" />
    <property name="ATTACHED_TOOL_WINDOW.DEFAULT.NELE_EDITOR.COMPONENT_TREE.AUTO_HIDE" value="false" />
    <property name="Android.Splitter.Proportion" value="0.50511694" />
    <property name="search.everywhere.max.popup.width" value="738" />
  </component>
</application>