<application>
  <component name="AppInspectionProfilesVisibleTreeState">
    <entry key="Default">
      <profile-state>
        <expanded-state>
          <State>
            <id />
          </State>
        </expanded-state>
        <selected-state>
          <State>
            <id>Android</id>
          </State>
        </selected-state>
      </profile-state>
    </entry>
  </component>
  <component name="CodeStyleSchemes">
    <option name="CURRENT_SCHEME_NAME" value="Default" />
  </component>
  <component name="ErrorReportConfigurable">
    <option name="ITN_LOGIN" value="" />
    <option name="ITN_PASSWORD_CRYPT" value="" />
    <option name="KEEP_ITN_PASSWORD" value="false" />
    <option name="EMAIL" value="" />
  </component>
  <component name="FileEditorProviderManager">
    <option name="selectedProviders">
      <map>
        <entry key="android-designer,text-editor" value="text-editor" />
      </map>
    </option>
  </component>
  <component name="RefactoringSettings">
    <option name="RENAME_SEARCH_IN_COMMENTS_FOR_CLASS" value="false" />
    <option name="RENAME_SEARCH_FOR_TEXT_FOR_CLASS" value="false" />
    <option name="MOVE_PREVIEW_USAGES" value="false" />
    <option name="INTRODUCE_LOCAL_CREATE_FINALS" value="false" />
  </component>
  <component name="SystemNotifications">
    <option name="NOTIFICATIONS">
      <set>
        <option value="Gradle Invocation (errors)" />
        <option value="Gradle Invocation (success)" />
      </set>
    </option>
  </component>
  <component name="com.intellij.ide.fileTemplates.impl.FileTemplateManagerImpl">
    <recent_templates>
      <option name="RECENT_TEMPLATES">
        <value>
          <list size="0" />
        </value>
      </option>
    </recent_templates>
  </component>
  <component name="com.intellij.javaee.ExternalResourceManagerImpl">
    <ignored-resource url="http://relaxng.org/ns/compatibility/annotations/1.0" />
    <ignored-resource url="http://www.w3.org/1998/Math/MathML" />
    <ignored-resource url="http://www.w3.org/2000/svg" />
  </component>
</application>