<application>
  <component name="RecentProjectsManager">
    <option name="recentPaths">
      <list>
        <option value="$USER_HOME$/AndroidStudioProjects/pitch-android" />
        <option value="$USER_HOME$/AndroidStudioProjects/forza-football-android" />
        <option value="$USER_HOME$/AndroidStudioProjects/forza-news-android" />
        <option value="$USER_HOME$/AndroidStudioProjects/forza-news-android/ForzaNews" />
        <option value="$USER_HOME$/AndroidStudioProjects/Dota" />
        <option value="$USER_HOME$/AndroidStudioProjects/Videoprinter" />
        <option value="$USER_HOME$/AndroidStudioProjects/Pokemap-MrZeb" />
        <option value="$USER_HOME$/AndroidStudioProjects/Pokemap" />
        <option value="$USER_HOME$/AndroidStudioProjects/MyApplication2" />
        <option value="$USER_HOME$/Documents/Amelie" />
        <option value="$USER_HOME$/Documents/TABLET" />
        <option value="$USER_HOME$/AndroidStudioProjects/BuildingForAndroidTV" />
        <option value="$USER_HOME$/Documents/NowAPISampleCode/NowSampleClient" />
        <option value="$USER_HOME$/Documents/ExoPlayer-master" />
        <option value="$USER_HOME$/Documents/ExoPlayer-master/demo" />
        <option value="$USER_HOME$/AndroidStudioProjects/ExoPlayer-master" />
        <option value="$USER_HOME$/Documents/NowAPISampleCode" />
        <option value="$USER_HOME$/AndroidStudioProjects/MyApplication" />
        <option value="$USER_HOME$/AndroidStudioProjects/Videoprinter/videoprinter-android" />
        <option value="$USER_HOME$/Documents/hojj" />
        <option value="$USER_HOME$/AndroidStudioProjects/ForzaHighlights" />
        <option value="$USER_HOME$/Documents/SlidingTabsColors" />
        <option value="$USER_HOME$/dtmnews" />
      </list>
    </option>
    <option name="openPaths">
      <list>
        <option value="$USER_HOME$/AndroidStudioProjects/forza-football-android" />
        <option value="$USER_HOME$/AndroidStudioProjects/pitch-android" />
      </list>
    </option>
    <option name="lastPath" value="$USER_HOME$/AndroidStudioProjects/pitch-android" />
    <option name="additionalInfo">
      <map>
        <entry key="$USER_HOME$/AndroidStudioProjects/Dota">
          <value>
            <RecentProjectMetaInfo>
              <option name="build" value="AI-162.3871768" />
              <option name="productionCode" value="AI" />
              <option name="binFolder" value="$APPLICATION_HOME_DIR$/bin" />
              <option name="projectOpenTimestamp" value="1495053255189" />
              <option name="buildTimestamp" value="1490997600000" />
            </RecentProjectMetaInfo>
          </value>
        </entry>
        <entry key="$USER_HOME$/AndroidStudioProjects/Pokemap">
          <value>
            <RecentProjectMetaInfo>
              <option name="build" value="AI-145.3070098" />
              <option name="productionCode" value="AI" />
              <option name="eap" value="true" />
              <option name="binFolder" value="$APPLICATION_HOME_DIR$/bin" />
              <option name="projectOpenTimestamp" value="1469180220868" />
              <option name="buildTimestamp" value="1468789200000" />
            </RecentProjectMetaInfo>
          </value>
        </entry>
        <entry key="$USER_HOME$/AndroidStudioProjects/Pokemap-MrZeb">
          <value>
            <RecentProjectMetaInfo>
              <option name="build" value="AI-145.3128856" />
              <option name="productionCode" value="AI" />
              <option name="eap" value="true" />
              <option name="binFolder" value="$APPLICATION_HOME_DIR$/bin" />
              <option name="projectOpenTimestamp" value="1471416125818" />
              <option name="buildTimestamp" value="1470603600000" />
            </RecentProjectMetaInfo>
          </value>
        </entry>
        <entry key="$USER_HOME$/AndroidStudioProjects/Videoprinter">
          <value>
            <RecentProjectMetaInfo>
              <option name="build" value="AI-162.3764568" />
              <option name="productionCode" value="AI" />
              <option name="binFolder" value="$APPLICATION_HOME_DIR$/bin" />
              <option name="projectOpenTimestamp" value="1489647051214" />
              <option name="buildTimestamp" value="1487887200000" />
            </RecentProjectMetaInfo>
          </value>
        </entry>
        <entry key="$USER_HOME$/AndroidStudioProjects/forza-football-android">
          <value>
            <RecentProjectMetaInfo>
              <option name="build" value="AI-171.4408382" />
              <option name="productionCode" value="AI" />
              <option name="binFolder" value="$APPLICATION_HOME_DIR$/bin" />
              <option name="projectOpenTimestamp" value="1511536973492" />
              <option name="buildTimestamp" value="1508519259636" />
            </RecentProjectMetaInfo>
          </value>
        </entry>
        <entry key="$USER_HOME$/AndroidStudioProjects/forza-news-android">
          <value>
            <RecentProjectMetaInfo>
              <option name="build" value="AI-162.4069837" />
              <option name="productionCode" value="AI" />
              <option name="binFolder" value="$APPLICATION_HOME_DIR$/bin" />
              <option name="projectOpenTimestamp" value="1508749330979" />
              <option name="buildTimestamp" value="1496700000000" />
            </RecentProjectMetaInfo>
          </value>
        </entry>
        <entry key="$USER_HOME$/AndroidStudioProjects/forza-news-android/ForzaNews">
          <value>
            <RecentProjectMetaInfo>
              <option name="build" value="AI-162.4069837" />
              <option name="productionCode" value="AI" />
              <option name="binFolder" value="$APPLICATION_HOME_DIR$/bin" />
              <option name="projectOpenTimestamp" value="1498826728648" />
              <option name="buildTimestamp" value="1496696400000" />
            </RecentProjectMetaInfo>
          </value>
        </entry>
        <entry key="$USER_HOME$/AndroidStudioProjects/live-score-addicts-android">
          <value>
            <RecentProjectMetaInfo>
              <option name="build" value="AI-145.3225885" />
              <option name="productionCode" value="AI" />
              <option name="eap" value="true" />
              <option name="binFolder" value="$APPLICATION_HOME_DIR$/bin" />
              <option name="projectOpenTimestamp" value="1473168388525" />
              <option name="buildTimestamp" value="1472158800000" />
            </RecentProjectMetaInfo>
          </value>
        </entry>
        <entry key="$USER_HOME$/AndroidStudioProjects/pitch-android">
          <value>
            <RecentProjectMetaInfo>
              <option name="build" value="AI-171.4408382" />
              <option name="productionCode" value="AI" />
              <option name="binFolder" value="$APPLICATION_HOME_DIR$/bin" />
              <option name="projectOpenTimestamp" value="1511536985303" />
              <option name="buildTimestamp" value="1508519259636" />
            </RecentProjectMetaInfo>
          </value>
        </entry>
      </map>
    </option>
    <option name="lastProjectLocation" value="$USER_HOME$/AndroidStudioProjects/forza-news-android" />
  </component>
</application>