<application>
  <component name="StatisticsApplicationUsages">
    <group name="run-configuration-type">
      <project id="Dota" values="AndroidRunConfigurationType" collectionTime="1495094532401" />
      <project id="NowSampleClient" values="AndroidRunConfigurationType" collectionTime="1437133442021" />
      <project id="My Application" values="AndroidRunConfigurationType" collectionTime="1444294453062" />
      <project id="ForzaNews" values="AndroidRunConfigurationType" collectionTime="1499069164058" />
      <project id="Forza Highlights" values="AndroidRunConfigurationType" collectionTime="1428394122156" />
      <project id="hojj" values="AndroidRunConfigurationType" collectionTime="0" />
      <project id="pitch-android" values="AndroidRunConfigurationType" collectionTime="1511645565430" />
      <project id="Pokemap-MrZeb" values="AndroidRunConfigurationType" collectionTime="1471416453787" />
      <project id="Amelie" values="AndroidRunConfigurationType" collectionTime="1442305665885" />
      <project id="Videoprinter" values="AndroidRunConfigurationType" collectionTime="1489654058585" />
      <project id="BuildingForAndroidTV" values="AndroidRunConfigurationType" collectionTime="1442216236741" />
      <project id="TABLET" values="AndroidRunConfigurationType" collectionTime="1442216242579" />
      <project id="Pokemap" values="AndroidRunConfigurationType" collectionTime="1469180945177" />
      <project id="videoprinter-android" values="AndroidRunConfigurationType" collectionTime="1429779590186" />
      <project id="forza-football-android" values="AndroidRunConfigurationType" collectionTime="1511645564393" />
      <project id="DTMNews" values="AndroidRunConfigurationType" collectionTime="0" />
      <project id="SlidingTabsColors" values="AndroidRunConfigurationType" collectionTime="0" />
      <project id="live-score-addicts-android" values="AndroidRunConfigurationType" collectionTime="1473168603102" />
      <project id="ExoPlayer-master" values="AndroidRunConfigurationType" collectionTime="1432714837922" />
    </group>
    <group name="module type">
      <project id="NowAPISampleCode" values="JAVA_MODULE" collectionTime="1431693817844" />
      <project id="Dota" values="JAVA_MODULE" collectionTime="1495094532398" />
      <project id="Forza Highlights" values="JAVA_MODULE" collectionTime="1428394122155" />
      <project id="NowSampleClient" values="JAVA_MODULE" collectionTime="1437133442021" />
      <project id="demo" values="JAVA_MODULE" collectionTime="1432299947682" />
      <project id="ForzaNews" values="JAVA_MODULE" collectionTime="1499069164055" />
      <project id="My Application" values="JAVA_MODULE" collectionTime="1444294453062" />
      <project id="hojj" values="JAVA_MODULE" collectionTime="0" />
      <project id="pitch-android" values="JAVA_MODULE" collectionTime="1511645565430" />
      <project id="Pokemap-MrZeb" values="JAVA_MODULE" collectionTime="1471416453787" />
      <project id="Amelie" values="JAVA_MODULE" collectionTime="1442305665885" />
      <project id="Videoprinter" values="JAVA_MODULE" collectionTime="1489654058583" />
      <project id="BuildingForAndroidTV" values="JAVA_MODULE" collectionTime="1442216236741" />
      <project id="TABLET" values="JAVA_MODULE" collectionTime="1442216242579" />
      <project id="Pokemap" values="JAVA_MODULE" collectionTime="1469180945176" />
      <project id="forza-news-android" values="JAVA_MODULE" collectionTime="1508749438273" />
      <project id="forza-football-android" values="JAVA_MODULE" collectionTime="1511645564390" />
      <project id="DTMNews" values="JAVA_MODULE" collectionTime="0" />
      <project id="SlidingTabsColors" values="JAVA_MODULE" collectionTime="0" />
      <project id="live-score-addicts-android" values="JAVA_MODULE" collectionTime="1473168603102" />
      <project id="ExoPlayer-master" values="JAVA_MODULE" collectionTime="1432714837922" />
    </group>
    <group name="vcs">
      <project id="Pokemap" values="Git" collectionTime="1469180945176" />
      <project id="pitch-android" values="Git" collectionTime="1511645565430" />
      <project id="forza-football-android" values="Git" collectionTime="1511645564368" />
      <project id="forza-news-android" values="Git" collectionTime="1508749438272" />
      <project id="Pokemap-MrZeb" values="Git" collectionTime="1471416453786" />
      <project id="DTMNews" values="Git" collectionTime="0" />
      <project id="live-score-addicts-android" values="Git" collectionTime="1473168603101" />
    </group>
    <group name="VCS Log 2">
      <project id="forza-news-android" values="data.commit.count.100+,data.git.root.count.1" collectionTime="1508749438340" />
      <project id="pitch-android" values="data.git.root.count.1,data.commit.count.1K+,data.users.count.1+,data.branches.count.10+" collectionTime="1511645565547" />
      <project id="forza-football-android" values="data.branches.count.100+,data.users.count.10+,data.git.root.count.1,data.commit.count.1K+" collectionTime="1511645565176" />
    </group>
    <group name="run-configuration-type-temp">
      <project id="Forza Highlights" values="GradleRunConfiguration" collectionTime="1428394122156" />
      <project id="live-score-addicts-android" values="JUnit,GradleRunConfiguration,AndroidRunConfigurationType" collectionTime="1473168603102" />
      <project id="forza-football-android" values="AndroidTestRunConfigurationType,AndroidJUnit" collectionTime="1511645564395" />
    </group>
    <group name="file-type">
      <project id="NowAPISampleCode" values="UNKNOWN,ARCHIVE,XML,Properties,JSON,Groovy,Images,JAVA,IDEA_MODULE,PLAIN_TEXT,ProGuard File" collectionTime="1431693817855" />
      <project id="Dota" values="JAVA,PLAIN_TEXT,IDEA_MODULE,XML,Properties,ARCHIVE,Groovy,UNKNOWN,Images,ProGuard File" collectionTime="1495094532609" />
      <project id="Forza Highlights" values="AIDL,ARCHIVE,IDEA_MODULE,XML,UNKNOWN,Properties,Images,Groovy,ProGuard File,JAVA,PLAIN_TEXT" collectionTime="1428394122268" />
      <project id="NowSampleClient" values="JAVA,IDEA_MODULE,Properties,UNKNOWN,PLAIN_TEXT,XML,ProGuard File,AIDL,Images,Groovy,ARCHIVE" collectionTime="1437133442105" />
      <project id="demo" values="Groovy,ARCHIVE,XML,UNKNOWN,JAVA,PLAIN_TEXT,IDEA_MODULE,Properties,Images" collectionTime="1432299947732" />
      <project id="ForzaNews" values="Images,JAVA,ARCHIVE,IDEA_MODULE,Properties,ProGuard File,PLAIN_TEXT,UNKNOWN,XML,Groovy,JSON Schema" collectionTime="1499069164198" />
      <project id="My Application" values="Properties,XML,IDEA_MODULE,AIDL,ProGuard File,ARCHIVE,Groovy,Git file,Images,UNKNOWN,JAVA,PLAIN_TEXT" collectionTime="1444294453114" />
      <project id="live-score-addicts-android" values="YAML,PLAIN_TEXT,IDEA_MODULE,ARCHIVE,ProGuard File,Groovy,XML,AIDL,Images,Properties,JAVA,UNKNOWN,JSON" collectionTime="1473168603188" />
      <project id="pitch-android" values="JAVA,Groovy,APK,IDEA_MODULE,UNKNOWN,Properties,Images,XML,ARCHIVE,PLAIN_TEXT,Markdown,ProGuard File,JSON,AIDL" collectionTime="1511645565531" />
      <project id="Pokemap-MrZeb" values="PLAIN_TEXT,IDEA_MODULE,ProGuard File,YAML,Images,Groovy,XML,Properties,AIDL,JAVA,ARCHIVE" collectionTime="1471416453910" />
      <project id="Amelie" values="IDEA_MODULE,ProGuard File,Properties,AIDL,Groovy,XML,Git file,PLAIN_TEXT,Images,ARCHIVE,JAVA,UNKNOWN" collectionTime="1442305665954" />
      <project id="Videoprinter" values="Markdown,Properties,ProGuard File,Groovy,APK,PLAIN_TEXT,CLASS,Images,ARCHIVE,IDEA_MODULE,JAVA,UNKNOWN,XML" collectionTime="1489654058711" />
      <project id="BuildingForAndroidTV" values="XML,Properties,JAVA,Groovy,ARCHIVE,AIDL,Images,ProGuard File,PLAIN_TEXT,Git file,UNKNOWN,IDEA_MODULE" collectionTime="1442216236771" />
      <project id="TABLET" values="IDEA_MODULE,JAVA,AIDL,Images,UNKNOWN,ARCHIVE,PLAIN_TEXT,ProGuard File,XML,Groovy,Properties,Git file" collectionTime="1442216242624" />
      <project id="Pokemap" values="AIDL,YAML,Groovy,IDEA_MODULE,XML,ARCHIVE,ProGuard File,Images,JAVA,PLAIN_TEXT,Properties" collectionTime="1469180945281" />
      <project id="forza-news-android" values="JAVA,YAML,JSON Schema,ProGuard File,Properties,IDEA_MODULE,Markdown,APK,UNKNOWN,ARCHIVE,Images,XML,PLAIN_TEXT,CLASS,Groovy" collectionTime="1508749438339" />
      <project id="videoprinter-android" values="UNKNOWN" collectionTime="1429779590231" />
      <project id="forza-football-android" values="JAVA,XML,IDEA_MODULE,YAML,UNKNOWN,JSON,JavaScript,APK,HTML,CSS,Groovy,ProGuard File,Properties,Markdown,ARCHIVE,Images,PLAIN_TEXT" collectionTime="1511645565080" />
      <project id="DTMNews" values="Images,XML,PLAIN_TEXT,IDEA_MODULE,Properties,Groovy,ARCHIVE,UNKNOWN,ProGuard File,JAVA" collectionTime="0" />
      <project id="SlidingTabsColors" values="Properties,Groovy,PLAIN_TEXT,Images,JAVA,UNKNOWN,ARCHIVE,IDEA_MODULE,XML,AIDL" collectionTime="0" />
      <project id="hojj" values="IDEA_MODULE,AIDL,PLAIN_TEXT,Images,Properties,XML,ARCHIVE,Groovy,JAVA,UNKNOWN,ProGuard File" collectionTime="0" />
      <project id="ExoPlayer-master" values="Properties,IDEA_MODULE,UNKNOWN,PLAIN_TEXT,JAVA,Groovy,ARCHIVE,Images,XML" collectionTime="1432714837962" />
    </group>
    <group name="images.ide.background">
      <project id="ForzaNews" values="editor 0,frame 0" collectionTime="1499069164216" />
      <project id="pitch-android" values="frame=0,editor=0" collectionTime="1511645565547" />
      <project id="forza-football-android" values="editor=0,frame=0" collectionTime="1511645565176" />
      <project id="forza-news-android" values="editor 0,frame 0" collectionTime="1508749438340" />
      <project id="Videoprinter" values="editor 0,frame 0" collectionTime="1489654058731" />
      <project id="Dota" values="editor 0,frame 0" collectionTime="1495094532631" />
    </group>
    <group name="module-language-level">
      <project id="pitch-android" values="JDK_1_7" collectionTime="1511645565549" />
      <project id="forza-football-android" values="JDK_1_7" collectionTime="1511645565208" />
    </group>
    <group name="frameworks">
      <project id="ForzaNews" values="java-gradle,android,android-gradle" collectionTime="1499069164054" />
      <project id="Dota" values="android-gradle,java-gradle,android" collectionTime="1495094532397" />
      <project id="NowSampleClient" values="java-gradle,android,android-gradle" collectionTime="1437133442021" />
      <project id="demo" values="android,android-gradle" collectionTime="1432299947682" />
      <project id="SlidingTabsColors" values="android,android-gradle,java-gradle" collectionTime="0" />
      <project id="Forza Highlights" values="android,java-gradle,android-gradle" collectionTime="1428394122155" />
      <project id="live-score-addicts-android" values="android-gradle,java-gradle,android" collectionTime="1473168603101" />
      <project id="pitch-android" values="android,java-gradle,android-gradle" collectionTime="1511645565430" />
      <project id="Pokemap-MrZeb" values="android,java-gradle,android-gradle" collectionTime="1471416453786" />
      <project id="Amelie" values="java-gradle,android-gradle,android" collectionTime="1442305665885" />
      <project id="Videoprinter" values="android,android-gradle,java-gradle" collectionTime="1489654058583" />
      <project id="BuildingForAndroidTV" values="java-gradle,android,android-gradle" collectionTime="1442216236741" />
      <project id="TABLET" values="java-gradle,android,android-gradle" collectionTime="1442216242579" />
      <project id="Pokemap" values="android-gradle,android,java-gradle" collectionTime="1469180945176" />
      <project id="forza-news-android" values="android" collectionTime="1508749438273" />
      <project id="forza-football-android" values="java-gradle,android,android-gradle" collectionTime="1511645564381" />
      <project id="DTMNews" values="android,java-gradle,android-gradle" collectionTime="0" />
      <project id="My Application" values="java-gradle,android-gradle,android" collectionTime="1444294453062" />
      <project id="hojj" values="android,java-gradle,android-gradle" collectionTime="0" />
      <project id="ExoPlayer-master" values="android,java-gradle,android-gradle" collectionTime="1432714837922" />
    </group>
    <group name="Git">
      <project id="ForzaNews" values="config.push.autoupdate.disabled,config.ssh.enabled,config.warn.about.crlf.enabled,config.save.policy.STASH,config.push.update.all.roots.enabled,config.cherry-pick.autocommit.disabled,config.force.push.enabled,config.update.type.BRANCH_DEFAULT,config.warn.about.detached.enabled,config.repo.sync.NOT_DECIDED" collectionTime="1499069164224" />
      <project id="pitch-android" values="config.push.autoupdate.disabled,config.cherry-pick.autocommit.disabled,config.force.push.enabled,config.repo.sync.NOT_DECIDED,config.ssh.enabled,config.save.policy.STASH,data.remote.branches.count.8+,config.warn.about.crlf.enabled,data.remotes.in.project.1,config.warn.about.detached.enabled,config.update.type.BRANCH_DEFAULT,data.local.branches.count.8+,config.push.update.all.roots.enabled" collectionTime="1511645565549" />
      <project id="forza-football-android" values="config.save.policy.STASH,data.remote.branches.count.100+,config.push.autoupdate.disabled,data.remotes.in.project.1,config.warn.about.crlf.enabled,data.local.branches.count.50+,config.repo.sync.NOT_DECIDED,config.ssh.enabled,config.warn.about.detached.enabled,config.force.push.enabled,config.update.type.BRANCH_DEFAULT,config.push.update.all.roots.enabled,config.cherry-pick.autocommit.disabled" collectionTime="1511645565214" />
      <project id="Dota" values="config.save.policy.STASH,config.repo.sync.NOT_DECIDED,config.cherry-pick.autocommit.disabled,config.push.update.all.roots.enabled,config.ssh.enabled,config.warn.about.crlf.enabled,config.force.push.enabled,config.push.autoupdate.disabled,config.warn.about.detached.enabled,config.update.type.BRANCH_DEFAULT" collectionTime="1495094532639" />
      <project id="forza-news-android" values="config.push.autoupdate.disabled,config.push.update.all.roots.enabled,config.ssh.enabled,data.remote.branches.count.2+,config.repo.sync.NOT_DECIDED,config.force.push.enabled,config.update.type.BRANCH_DEFAULT,config.save.policy.STASH,config.warn.about.detached.enabled,config.cherry-pick.autocommit.disabled,data.local.branches.count.2+,data.remotes.in.project.1,config.warn.about.crlf.enabled" collectionTime="1508749438342" />
      <project id="Pokemap-MrZeb" values="data.local.branches.count.1,config.repo.sync.NOT_DECIDED,config.save.policy.STASH,config.push.autoupdate.disabled,data.remotes.in.project.2+,config.update.type.BRANCH_DEFAULT,config.warn.about.crlf.enabled,config.warn.about.detached.enabled,config.push.update.all.roots.enabled,config.force.push.enabled,config.cherry-pick.autocommit.disabled,config.ssh.enabled,data.remote.branches.count.2+" collectionTime="1471416453924" />
      <project id="Pokemap" values="data.local.branches.count.2+,config.update.type.BRANCH_DEFAULT,config.save.policy.STASH,config.ssh.enabled,config.force.push.enabled,config.warn.about.detached.enabled,data.remote.branches.count.2+,config.warn.about.crlf.enabled,config.repo.sync.NOT_DECIDED,config.cherry-pick.autocommit.disabled,config.push.update.all.roots.enabled,data.remotes.in.project.1,config.push.autoupdate.disabled" collectionTime="1469180945309" />
      <project id="Videoprinter" values="config.force.push.enabled,config.push.update.all.roots.enabled,config.repo.sync.NOT_DECIDED,config.push.autoupdate.disabled,config.warn.about.detached.enabled,config.save.policy.STASH,config.cherry-pick.autocommit.disabled,config.warn.about.crlf.enabled,config.ssh.enabled,config.update.type.BRANCH_DEFAULT" collectionTime="1489654058738" />
      <project id="live-score-addicts-android" values="config.update.type.BRANCH_DEFAULT,data.remotes.in.project.1,config.cherry-pick.autocommit.disabled,data.remote.branches.count.30+,config.warn.about.crlf.enabled,config.warn.about.detached.enabled,data.local.branches.count.30+,config.push.update.all.roots.enabled,config.ssh.enabled,config.save.policy.STASH,config.force.push.enabled,config.push.autoupdate.disabled,config.repo.sync.NOT_DECIDED" collectionTime="1473168603220" />
    </group>
    <group name="language-level">
      <project id="NowAPISampleCode" values="JDK_1_6" collectionTime="1431693817857" />
      <project id="Dota" values="JDK_1_7" collectionTime="1495094532636" />
      <project id="Forza Highlights" values="JDK_1_7" collectionTime="1428394122291" />
      <project id="NowSampleClient" values="JDK_1_7" collectionTime="1437133442111" />
      <project id="demo" values="JDK_1_6" collectionTime="1432299947733" />
      <project id="ForzaNews" values="JDK_1_8,JDK_1_7" collectionTime="1499069164221" />
      <project id="My Application" values="JDK_1_7" collectionTime="1444294453116" />
      <project id="live-score-addicts-android" values="JDK_1_7,JDK_1_8" collectionTime="1473168603216" />
      <project id="pitch-android" values="JDK_1_7" collectionTime="1509197635989" />
      <project id="Pokemap-MrZeb" values="JDK_1_8,JDK_1_7" collectionTime="1471416453922" />
      <project id="Amelie" values="JDK_1_7" collectionTime="1442305665957" />
      <project id="Videoprinter" values="JDK_1_8,JDK_1_7" collectionTime="1489654058735" />
      <project id="BuildingForAndroidTV" values="JDK_1_7" collectionTime="1442216236774" />
      <project id="TABLET" values="JDK_1_7" collectionTime="1442216242626" />
      <project id="Pokemap" values="JDK_1_7" collectionTime="1469180945304" />
      <project id="forza-news-android" values="JDK_1_8,JDK_1_7" collectionTime="1508749438342" />
      <project id="videoprinter-android" values="JDK_1_6" collectionTime="1429779590238" />
      <project id="forza-football-android" values="JDK_1_7" collectionTime="1509197635703" />
      <project id="DTMNews" values="JDK_1_6" collectionTime="0" />
      <project id="SlidingTabsColors" values="JDK_1_7" collectionTime="0" />
      <project id="hojj" values="JDK_1_7" collectionTime="0" />
      <project id="ExoPlayer-master" values="JDK_1_7" collectionTime="1432714837964" />
    </group>
    <group name="vcs-options">
      <project id="pitch-android" values="commit.before.check.code.smell.enabled,changelist.make.new.active.disabled,commit.before.check.non.empty.comment.disabled,perform.edit.in.background.enabled,perform.rollback.in.background.disabled,perform.checkout.in.background.enabled,commit.show.unversioned.enabled,changelist.preselect.existing.disabled,perform.update.in.background.enabled,commit.before.reformat.project.disabled,show.changes.preview.disabled,offer.remove.empty.changelist.show_confirmation,check.conflicts.in.background.disabled,commit.before.optimize.imports.disabled,offer.move.failed.committed.do_nothing_silently,commit.use.right.margin.enabled,include.text.into.shelf.enabled,commit.before.reformat.file.disabled,perform.commit.in.background.enabled,offer.move.partially.committed.disabled,commit.before.rearrange.disabled,perform.add_remove.in.background.enabled,commit.before.check.todo.enabled,commit.clear.initial.comment.disabled,commit.before.check.code.cleanup.disabled,commit.before.check.files.up.to.date.disabled" collectionTime="1511645565430" />
      <project id="forza-football-android" values="commit.clear.initial.comment.disabled,commit.before.rearrange.disabled,commit.before.check.non.empty.comment.disabled,check.conflicts.in.background.disabled,perform.commit.in.background.enabled,offer.remove.empty.changelist.show_confirmation,commit.before.check.code.smell.enabled,offer.move.partially.committed.disabled,commit.before.check.files.up.to.date.disabled,commit.before.check.todo.disabled,perform.rollback.in.background.disabled,changelist.preselect.existing.disabled,show.changes.preview.disabled,offer.move.failed.committed.do_nothing_silently,commit.use.right.margin.enabled,commit.show.unversioned.enabled,changelist.make.new.active.disabled,perform.edit.in.background.enabled,perform.add_remove.in.background.enabled,commit.before.reformat.file.disabled,perform.update.in.background.enabled,include.text.into.shelf.enabled,commit.before.reformat.project.disabled,commit.before.check.code.cleanup.disabled,commit.before.optimize.imports.disabled,perform.checkout.in.background.enabled" collectionTime="1511645564373" />
    </group>
  </component>
  <component name="UsageTrigger">
    <counts>
      <entry feature="CreateFile.CreateFileAction" count="2" />
      <entry feature="OpenInBrowser.default" count="1" />
      <entry feature="StripeButton[Android_Profiler].hidden" count="14" />
      <entry feature="StripeButton[Android_Profiler].shown" count="13" />
      <entry feature="execute.AndroidJUnit.Debug" count="4" />
      <entry feature="execute.AndroidJUnit.Run" count="70" />
      <entry feature="execute.AndroidRunConfigurationType.Android Profiler" count="1" />
      <entry feature="execute.AndroidRunConfigurationType.Debug" count="26" />
      <entry feature="execute.AndroidRunConfigurationType.Run" count="12440" />
      <entry feature="execute.AndroidTestRunConfigurationType.Run" count="12" />
      <entry feature="execute.GradleRunConfiguration.Run" count="3" />
      <entry feature="execute.JUnit.Run" count="22" />
      <entry feature="git.branch.checkout.local" count="6" />
      <entry feature="git.branch.create.new" count="1" />
      <entry feature="git.branch.delete.local" count="2" />
      <entry feature="ide.help.editing.codeReformatting" count="2" />
      <entry feature="ide.help.null" count="1" />
      <entry feature="ide.help.top" count="2" />
      <entry feature="ide.settings.Android_SDK" count="30" />
      <entry feature="ide.settings.Appearance" count="2" />
      <entry feature="ide.settings.Code_Completion" count="1" />
      <entry feature="ide.settings.Code_Style" count="7" />
      <entry feature="ide.settings.Eclipse&#10;Code_Formatter" count="2" />
      <entry feature="ide.settings.Edit_File_Template" count="2" />
      <entry feature="ide.settings.File_and_Code_Templates" count="1" />
      <entry feature="ide.settings.Genymotion" count="1" />
      <entry feature="ide.settings.GitHub" count="4" />
      <entry feature="ide.settings.Gradle" count="8" />
      <entry feature="ide.settings.Images" count="1" />
      <entry feature="ide.settings.Instant_Run" count="8" />
      <entry feature="ide.settings.Java" count="8" />
      <entry feature="ide.settings.Keymap" count="6" />
      <entry feature="ide.settings.Plugins" count="7" />
      <entry feature="ide.settings.Project_Structure" count="6" />
      <entry feature="ide.settings.Updates" count="9" />
      <entry feature="ide.settings.Version_Control" count="6" />
      <entry feature="idea.caches.invalidated" count="34" />
      <entry feature="ideaapp.started" count="395" />
      <entry feature="terminal.mac" count="5" />
      <entry feature="tips.of.the.day.next" count="1" />
      <entry feature="welcome.screen.WelcomeScreen.OpenProject" count="1" />
    </counts>
  </component>
</application>