<application>
  <component name="UpdatesConfigurable">
    <ignoredBuildNumbers>
      <item value="141.2178183" />
      <item value="platform-tools-preview" />
      <item value="162.3715353" />
    </ignoredBuildNumbers>
    <enabledExternalComponentSources>
      <item value="Android SDK" />
    </enabledExternalComponentSources>
    <knownExternalComponentSources>
      <item value="Android SDK" />
    </knownExternalComponentSources>
    <option name="externalUpdateChannels">
      <map>
        <entry key="Android SDK" value="Stable Channel" />
      </map>
    </option>
    <option name="LAST_TIME_CHECKED" value="1511441232973" />
    <option name="LAST_BUILD_CHECKED" value="AI-171.4408382" />
  </component>
</application>