<application>
  <component name="WindowStateApplicationService">
    <state x="100" y="123" width="1240" height="606" key="#com.intellij.execution.junit2.states.ComparisonFailureState$DiffDialog" />
    <state x="100" y="123" width="1240" height="606" key="#com.intellij.execution.junit2.states.ComparisonFailureState$DiffDialog/0.0.1440.900" />
    <state x="100" y="123" width="1240" height="606" key="#com.intellij.execution.junit2.states.ComparisonFailureState$DiffDialog/0.0.1440.900@0.0.1440.900" />
    <state x="100" y="123" width="1240" height="621" key="DiffContextDialog" />
    <state x="100" y="123" width="1240" height="621" key="DiffContextDialog/0.0.1440.900" />
    <state x="100" y="123" width="1240" height="621" key="DiffContextDialog/0.0.1440.900@0.0.1440.900" />
    <state x="1035" y="183" width="1240" height="587" key="com.android.tools.idea.avdmanager.AvdListDialog" />
    <state x="1035" y="183" width="1240" height="587" key="com.android.tools.idea.avdmanager.AvdListDialog/-1440.0.1440.900/0.0.2560.1440" />
    <state x="1035" y="183" width="1240" height="587" key="com.android.tools.idea.avdmanager.AvdListDialog/-1440.0.1440.900/0.0.2560.1440@0.0.2560.1440" />
    <state x="100" y="123" width="1240" height="587" key="com.android.tools.idea.avdmanager.AvdListDialog/-1440.82.1440.900/0.0.1920.1080" />
    <state x="100" y="123" width="1240" height="587" key="com.android.tools.idea.avdmanager.AvdListDialog/-1440.82.1440.900/0.0.1920.1080@0.0.1920.1080" />
    <state x="100" y="123" width="1240" height="587" key="com.android.tools.idea.avdmanager.AvdListDialog/0.0.1440.900" />
    <state x="100" y="123" width="1240" height="587" key="com.android.tools.idea.avdmanager.AvdListDialog/0.0.1440.900@0.0.1440.900" />
    <state x="100" y="123" width="1240" height="587" key="com.android.tools.idea.avdmanager.AvdListDialog/0.0.1600.900" />
    <state x="100" y="123" width="1240" height="587" key="com.android.tools.idea.avdmanager.AvdListDialog/0.0.1600.900@0.0.1600.900" />
    <state x="100" y="123" width="1240" height="587" key="com.android.tools.idea.avdmanager.AvdListDialog/0.0.2560.1440" />
    <state x="100" y="123" width="1240" height="587" key="com.android.tools.idea.avdmanager.AvdListDialog/0.0.2560.1440@0.0.2560.1440" />
    <state x="0" y="23" width="2518" height="402" key="dock-window-1" />
    <state x="0" y="23" width="2518" height="402" key="dock-window-1/-1440.0.1440.900/0.0.2560.1440" />
    <state x="0" y="23" width="2518" height="402" key="dock-window-1/-1440.0.1440.900/0.0.2560.1440@0.0.2560.1440" />
  </component>
</application>